datetime,machineID,comp,type
2015-01-01 03:47:01,24,comp2,unscheduled
2015-01-01 10:43:43,59,comp4,unscheduled
2015-01-01 20:05:22,8,comp1,unscheduled
2015-01-01 23:54:35,61,comp4,unscheduled
2015-01-02 00:56:22,51,comp3,unscheduled
2015-01-02 02:25:45,86,comp2,unscheduled
2015-01-02 06:00:00,4,comp3,scheduled
2015-01-02 06:00:00,8,comp2,scheduled
2015-01-02 06:00:00,9,comp4,scheduled
2015-01-02 06:00:00,13,comp1,scheduled
2015-01-02 06:00:00,15,comp4,scheduled
2015-01-02 06:00:00,20,comp4,scheduled
2015-01-02 06:00:00,21,comp2,scheduled
2015-01-02 06:00:00,23,comp2,scheduled
2015-01-02 06:00:00,24,comp2,scheduled
2015-01-02 06:00:00,27,comp4,scheduled
2015-01-02 06:00:00,33,comp2,scheduled
2015-01-02 06:00:00,38,comp4,scheduled
2015-01-02 06:00:00,39,comp2,scheduled
2015-01-02 06:00:00,44,comp3,scheduled
2015-01-02 06:00:00,45,comp3,scheduled
2015-01-02 06:00:00,47,comp3,scheduled
2015-01-02 06:00:00,48,comp3,scheduled
2015-01-02 06:00:00,55,comp1,scheduled
2015-01-02 06:00:00,56,comp4,scheduled
2015-01-02 06:00:00,63,comp1,scheduled
2015-01-02 06:00:00,67,comp1,scheduled
2015-01-02 06:00:00,68,comp2,scheduled
2015-01-02 06:00:00,70,comp2,scheduled
2015-01-02 06:00:00,72,comp3,scheduled
2015-01-02 06:00:00,73,comp3,scheduled
2015-01-02 06:00:00,86,comp2,scheduled
2015-01-02 06:00:00,89,comp2,scheduled
2015-01-02 06:00:00,90,comp1,scheduled
2015-01-02 06:00:00,91,comp1,scheduled
2015-01-02 06:00:00,95,comp1,scheduled
2015-01-02 06:00:00,100,comp1,scheduled
2015-01-02 07:00:00,3,comp2,scheduled
2015-01-02 07:00:00,5,comp2,scheduled
2015-01-02 07:00:00,7,comp2,scheduled
2015-01-02 07:00:00,14,comp2,scheduled
2015-01-02 07:00:00,17,comp2,scheduled
2015-01-02 07:00:00,32,comp2,scheduled
2015-01-02 07:00:00,34,comp1,scheduled
2015-01-02 07:00:00,35,comp1,scheduled
2015-01-02 07:00:00,36,comp3,scheduled
2015-01-02 07:00:00,43,comp2,scheduled
2015-01-02 07:00:00,51,comp1,scheduled
2015-01-02 07:00:00,58,comp1,scheduled
2015-01-02 07:00:00,59,comp3,scheduled
2015-01-02 07:00:00,60,comp2,scheduled
2015-01-02 07:00:00,61,comp2,scheduled
2015-01-02 07:00:00,64,comp2,scheduled
2015-01-02 07:00:00,75,comp1,scheduled
2015-01-02 07:00:00,78,comp2,scheduled
2015-01-02 07:00:00,81,comp3,scheduled
2015-01-02 07:00:00,87,comp3,scheduled
2015-01-02 07:00:00,92,comp3,scheduled
2015-01-02 07:00:00,99,comp4,scheduled
2015-01-02 08:00:00,10,comp1,scheduled
2015-01-02 08:00:00,18,comp3,scheduled
2015-01-02 08:00:00,26,comp4,scheduled
2015-01-02 08:00:00,28,comp1,scheduled
2015-01-02 08:00:00,37,comp1,scheduled
2015-01-02 08:00:00,40,comp1,scheduled
2015-01-02 08:00:00,65,comp1,scheduled
2015-01-02 08:00:00,74,comp4,scheduled
2015-01-02 08:00:00,76,comp1,scheduled
2015-01-02 08:00:00,84,comp1,scheduled
2015-01-02 08:00:00,85,comp3,scheduled
2015-01-02 08:00:00,88,comp1,scheduled
2015-01-02 08:00:00,97,comp3,scheduled
2015-01-02 09:00:00,11,comp2,scheduled
2015-01-02 09:00:00,16,comp4,scheduled
2015-01-02 09:00:00,19,comp1,scheduled
2015-01-02 09:00:00,25,comp2,scheduled
2015-01-02 09:00:00,29,comp1,scheduled
2015-01-02 09:00:00,30,comp4,scheduled
2015-01-02 09:00:00,31,comp1,scheduled
2015-01-02 09:00:00,42,comp3,scheduled
2015-01-02 09:00:00,46,comp1,scheduled
2015-01-02 09:00:00,53,comp1,scheduled
2015-01-02 09:00:00,54,comp2,scheduled
2015-01-02 09:00:00,57,comp4,scheduled
2015-01-02 09:00:00,71,comp2,scheduled
2015-01-02 09:00:00,77,comp4,scheduled
2015-01-02 09:00:00,79,comp1,scheduled
2015-01-02 09:00:00,83,comp1,scheduled
2015-01-02 09:00:00,94,comp1,scheduled
2015-01-02 09:00:00,98,comp4,scheduled
2015-01-02 09:02:53,14,comp4,unscheduled
2015-01-02 10:00:00,1,comp2,scheduled
2015-01-02 10:00:00,2,comp2,scheduled
2015-01-02 10:00:00,6,comp1,scheduled
2015-01-02 10:00:00,12,comp3,scheduled
2015-01-02 10:00:00,22,comp2,scheduled
2015-01-02 10:00:00,41,comp4,scheduled
2015-01-02 10:00:00,49,comp3,scheduled
2015-01-02 10:00:00,50,comp1,scheduled
2015-01-02 10:00:00,52,comp2,scheduled
2015-01-02 10:00:00,62,comp3,scheduled
2015-01-02 10:00:00,66,comp1,scheduled
2015-01-02 10:00:00,69,comp1,scheduled
2015-01-02 10:00:00,80,comp3,scheduled
2015-01-02 10:00:00,82,comp1,scheduled
2015-01-02 10:00:00,93,comp3,scheduled
2015-01-02 10:00:00,96,comp4,scheduled
2015-01-03 03:40:53,26,comp4,unscheduled
2015-01-03 06:57:19,34,comp2,unscheduled
2015-01-03 08:54:36,97,comp1,unscheduled
2015-01-04 00:54:59,12,comp1,unscheduled
2015-01-04 03:28:42,73,comp4,unscheduled
2015-01-04 14:49:34,11,comp3,unscheduled
2015-01-04 15:35:25,70,comp1,unscheduled
2015-01-04 18:07:41,15,comp3,unscheduled
2015-01-04 22:36:54,44,comp3,unscheduled
2015-01-05 18:19:18,50,comp4,unscheduled
2015-01-05 21:55:35,40,comp4,unscheduled
2015-01-06 07:27:18,60,comp3,unscheduled
2015-01-06 09:43:52,77,comp1,unscheduled
2015-01-06 11:52:20,49,comp2,unscheduled
2015-01-06 17:33:11,5,comp1,unscheduled
2015-01-06 18:30:29,86,comp1,unscheduled
2015-01-06 23:02:59,65,comp2,unscheduled
2015-01-07 03:05:25,86,comp3,unscheduled
2015-01-07 16:43:07,45,comp4,unscheduled
2015-01-08 12:39:55,38,comp1,unscheduled
2015-01-08 14:03:03,34,comp1,unscheduled
2015-01-08 21:57:19,38,comp1,unscheduled
2015-01-09 01:21:41,57,comp4,unscheduled
2015-01-09 07:03:57,85,comp2,unscheduled
2015-01-09 12:29:30,72,comp2,unscheduled
2015-01-10 04:34:06,20,comp3,unscheduled
2015-01-10 11:39:40,25,comp4,unscheduled
2015-01-10 15:01:32,19,comp3,unscheduled
2015-01-10 17:14:47,78,comp4,unscheduled
2015-01-10 23:20:24,39,comp1,unscheduled
2015-01-11 00:17:18,86,comp1,unscheduled
2015-01-11 01:04:41,57,comp3,unscheduled
2015-01-11 04:42:12,96,comp4,unscheduled
2015-01-11 11:20:43,36,comp4,unscheduled
2015-01-11 12:36:33,36,comp3,unscheduled
2015-01-11 17:15:20,20,comp3,unscheduled
2015-01-12 05:04:57,60,comp2,unscheduled
2015-01-12 05:48:28,68,comp4,unscheduled
2015-01-12 05:51:47,97,comp1,unscheduled
2015-01-12 06:31:51,36,comp3,unscheduled
2015-01-12 21:44:41,98,comp4,unscheduled
2015-01-13 01:13:13,38,comp4,unscheduled
2015-01-13 02:20:42,89,comp1,unscheduled
2015-01-13 16:13:31,52,comp3,unscheduled
2015-01-13 16:56:16,83,comp2,unscheduled
2015-01-13 22:58:47,75,comp4,unscheduled
2015-01-14 22:36:13,67,comp3,unscheduled
2015-01-15 06:02:31,59,comp3,unscheduled
2015-01-15 09:02:52,64,comp4,unscheduled
2015-01-15 10:50:31,81,comp3,unscheduled
2015-01-15 20:34:58,20,comp1,unscheduled
2015-01-16 00:56:22,19,comp1,unscheduled
2015-01-16 07:26:42,75,comp3,unscheduled
2015-01-16 10:25:08,10,comp1,unscheduled
2015-01-16 11:31:45,57,comp2,unscheduled
2015-01-16 11:50:49,17,comp2,unscheduled
2015-01-16 14:59:10,58,comp2,unscheduled
2015-01-16 15:13:58,38,comp1,unscheduled
2015-01-16 22:47:31,40,comp3,unscheduled
2015-01-17 05:52:23,16,comp2,unscheduled
2015-01-17 20:11:29,88,comp4,unscheduled
2015-01-17 22:49:20,63,comp3,unscheduled
2015-01-18 02:55:06,14,comp2,unscheduled
2015-01-18 05:42:44,21,comp2,unscheduled
2015-01-18 14:39:46,81,comp3,unscheduled
2015-01-18 16:14:13,49,comp3,unscheduled
2015-01-18 20:40:00,68,comp1,unscheduled
2015-01-18 22:44:35,25,comp3,unscheduled
2015-01-20 01:07:31,73,comp1,unscheduled
2015-01-20 07:49:12,99,comp4,unscheduled
2015-01-20 11:21:37,9,comp1,unscheduled
2015-01-20 12:41:12,36,comp4,unscheduled
2015-01-20 15:25:33,85,comp4,unscheduled
2015-01-20 15:31:02,5,comp3,unscheduled
2015-01-20 17:28:48,14,comp1,unscheduled
2015-01-20 22:51:56,50,comp2,unscheduled
2015-01-20 23:30:43,95,comp4,unscheduled
2015-01-21 01:03:23,60,comp3,unscheduled
2015-01-21 05:28:22,38,comp1,unscheduled
2015-01-21 08:23:39,86,comp4,unscheduled
2015-01-21 10:20:59,99,comp1,unscheduled
2015-01-21 19:40:22,50,comp4,unscheduled
2015-01-22 00:54:43,2,comp2,unscheduled
2015-01-22 01:13:07,60,comp1,unscheduled
2015-01-22 04:13:09,49,comp1,unscheduled
2015-01-22 19:04:08,68,comp1,unscheduled
2015-01-23 02:09:21,10,comp3,unscheduled
2015-01-23 04:49:08,9,comp1,unscheduled
2015-01-23 17:06:13,9,comp3,unscheduled
2015-01-23 18:31:17,7,comp2,unscheduled
2015-01-24 07:03:47,93,comp4,unscheduled
2015-01-24 09:23:13,51,comp1,unscheduled
2015-01-24 12:57:03,2,comp3,unscheduled
2015-01-24 14:56:01,89,comp2,unscheduled
2015-01-24 16:09:56,9,comp1,unscheduled
2015-01-25 04:21:30,33,comp3,unscheduled
2015-01-25 22:39:22,33,comp1,unscheduled
2015-01-26 09:02:41,50,comp3,unscheduled
2015-01-26 12:12:10,89,comp3,unscheduled
2015-01-27 01:43:40,91,comp2,unscheduled
2015-01-27 09:26:28,10,comp2,unscheduled
2015-01-27 13:43:39,67,comp2,unscheduled
2015-01-27 14:39:54,10,comp3,unscheduled
2015-01-27 15:29:34,85,comp2,unscheduled
2015-01-27 15:34:10,38,comp4,unscheduled
2015-01-27 17:10:53,12,comp3,unscheduled
2015-01-27 18:43:24,40,comp4,unscheduled
2015-01-27 23:02:53,20,comp1,unscheduled
2015-01-28 00:34:59,97,comp1,unscheduled
2015-01-28 02:40:37,61,comp2,unscheduled
2015-01-28 04:12:11,22,comp4,unscheduled
2015-01-28 15:26:36,52,comp1,unscheduled
2015-01-28 17:35:16,54,comp3,unscheduled
2015-01-29 04:09:03,11,comp3,unscheduled
2015-01-29 06:48:29,25,comp2,unscheduled
2015-01-29 10:50:21,11,comp4,unscheduled
2015-01-29 12:58:59,89,comp3,unscheduled
2015-01-29 16:26:34,71,comp3,unscheduled
2015-01-29 18:29:45,50,comp2,unscheduled
2015-01-30 01:26:59,65,comp4,unscheduled
2015-01-30 03:39:19,51,comp2,unscheduled
2015-01-30 05:19:24,15,comp4,unscheduled
2015-01-30 05:50:27,77,comp1,unscheduled
2015-01-30 12:20:18,39,comp2,unscheduled
2015-01-31 02:11:49,32,comp1,unscheduled
2015-01-31 16:02:18,69,comp4,unscheduled
2015-02-01 02:41:34,10,comp3,unscheduled
2015-02-01 04:35:34,67,comp4,unscheduled
2015-02-01 05:46:20,57,comp4,unscheduled
2015-02-01 07:02:17,32,comp3,unscheduled
2015-02-01 09:01:18,89,comp2,unscheduled
2015-02-01 12:43:19,51,comp4,unscheduled
2015-02-01 16:23:41,99,comp1,unscheduled
2015-02-01 20:08:26,10,comp3,unscheduled
2015-02-02 14:26:49,36,comp2,unscheduled
2015-02-02 23:51:25,99,comp4,unscheduled
2015-02-03 01:56:36,50,comp2,unscheduled
2015-02-03 03:39:12,91,comp1,unscheduled
2015-02-03 05:58:14,45,comp2,unscheduled
2015-02-03 15:45:24,42,comp4,unscheduled
2015-02-04 04:46:36,59,comp1,unscheduled
2015-02-05 00:06:14,75,comp3,unscheduled
2015-02-05 01:41:01,77,comp4,unscheduled
2015-02-05 02:23:47,67,comp4,unscheduled
2015-02-05 10:16:35,91,comp3,unscheduled
2015-02-05 10:26:27,59,comp2,unscheduled
2015-02-05 11:13:41,57,comp1,unscheduled
2015-02-05 14:27:29,84,comp3,unscheduled
2015-02-05 15:14:36,98,comp3,unscheduled
2015-02-05 20:17:02,14,comp3,unscheduled
2015-02-06 04:46:21,60,comp4,unscheduled
2015-02-06 04:58:03,91,comp2,unscheduled
2015-02-06 05:16:19,5,comp3,unscheduled
2015-02-06 06:25:54,25,comp1,unscheduled
2015-02-06 15:10:48,1,comp3,unscheduled
2015-02-06 22:15:51,91,comp1,unscheduled
2015-02-07 12:02:44,91,comp3,unscheduled
2015-02-07 15:27:38,1,comp1,unscheduled
2015-02-07 17:38:00,74,comp4,unscheduled
2015-02-07 17:53:42,81,comp1,unscheduled
2015-02-08 00:34:31,5,comp3,unscheduled
2015-02-08 05:19:15,2,comp3,unscheduled
2015-02-08 05:33:23,68,comp4,unscheduled
2015-02-08 10:56:54,82,comp2,unscheduled
2015-02-08 12:24:36,90,comp1,unscheduled
2015-02-08 12:55:26,51,comp4,unscheduled
2015-02-08 14:03:07,83,comp3,unscheduled
2015-02-08 17:22:49,65,comp4,unscheduled
2015-02-08 19:53:34,11,comp3,unscheduled
2015-02-08 23:27:57,64,comp2,unscheduled
2015-02-09 00:47:43,68,comp2,unscheduled
2015-02-09 00:58:16,49,comp4,unscheduled
2015-02-09 13:47:20,39,comp1,unscheduled
2015-02-09 20:11:10,50,comp4,unscheduled
2015-02-09 22:06:21,17,comp2,unscheduled
2015-02-10 05:29:46,12,comp4,unscheduled
2015-02-10 05:37:38,95,comp4,unscheduled
2015-02-10 14:56:29,59,comp2,unscheduled
2015-02-10 23:41:36,40,comp4,unscheduled
2015-02-11 09:27:56,26,comp4,unscheduled
2015-02-11 10:04:49,72,comp4,unscheduled
2015-02-11 22:16:37,89,comp3,unscheduled
2015-02-11 23:31:27,19,comp1,unscheduled
2015-02-11 23:33:12,39,comp1,unscheduled
2015-02-12 00:40:06,95,comp3,unscheduled
2015-02-12 01:51:31,78,comp1,unscheduled
2015-02-12 02:23:05,20,comp4,unscheduled
2015-02-12 08:27:25,88,comp2,unscheduled
2015-02-12 16:35:16,86,comp4,unscheduled
2015-02-13 01:34:03,100,comp4,unscheduled
2015-02-13 10:44:24,15,comp3,unscheduled
2015-02-14 01:32:03,61,comp1,unscheduled
2015-02-14 03:17:17,86,comp4,unscheduled
2015-02-14 04:51:21,100,comp3,unscheduled
2015-02-14 07:22:09,50,comp3,unscheduled
2015-02-14 10:11:12,38,comp2,unscheduled
2015-02-14 10:24:59,90,comp1,unscheduled
2015-02-14 11:31:25,39,comp3,unscheduled
2015-02-14 13:47:33,53,comp3,unscheduled
2015-02-14 14:48:31,96,comp4,unscheduled
2015-02-14 17:27:34,77,comp3,unscheduled
2015-02-14 19:03:46,20,comp3,unscheduled
2015-02-14 19:52:23,13,comp1,unscheduled
2015-02-14 21:53:48,20,comp4,unscheduled
2015-02-15 00:28:03,59,comp4,unscheduled
2015-02-15 02:19:16,81,comp1,unscheduled
2015-02-15 14:51:49,61,comp4,unscheduled
2015-02-16 00:02:54,50,comp2,unscheduled
2015-02-16 10:19:51,48,comp2,unscheduled
2015-02-16 13:25:27,10,comp4,unscheduled
2015-02-16 20:35:39,48,comp1,unscheduled
2015-02-17 00:18:53,40,comp2,unscheduled
2015-02-17 03:46:23,60,comp1,unscheduled
2015-02-17 10:36:39,84,comp1,unscheduled
2015-02-17 11:16:41,94,comp3,unscheduled
2015-02-17 23:55:49,77,comp4,unscheduled
2015-02-18 07:03:36,56,comp3,unscheduled
2015-02-18 09:35:31,22,comp3,unscheduled
2015-02-18 21:41:44,85,comp3,unscheduled
2015-02-19 00:11:27,89,comp4,unscheduled
2015-02-19 00:27:53,38,comp4,unscheduled
2015-02-19 00:42:01,64,comp2,unscheduled
2015-02-19 01:00:36,49,comp2,unscheduled
2015-02-19 03:50:19,49,comp4,unscheduled
2015-02-19 05:28:30,86,comp2,unscheduled
2015-02-19 10:24:29,23,comp3,unscheduled
2015-02-19 11:52:42,16,comp2,unscheduled
2015-02-19 13:34:38,36,comp3,unscheduled
2015-02-20 11:36:52,86,comp1,unscheduled
2015-02-20 19:19:39,14,comp2,unscheduled
2015-02-20 19:52:26,10,comp3,unscheduled
2015-02-20 21:07:54,60,comp2,unscheduled
2015-02-21 00:50:48,75,comp4,unscheduled
2015-02-21 04:29:42,86,comp2,unscheduled
2015-02-21 10:35:04,12,comp2,unscheduled
2015-02-21 18:48:37,28,comp3,unscheduled
2015-02-22 16:28:50,81,comp4,unscheduled
2015-02-22 16:48:39,36,comp2,unscheduled
2015-02-23 00:20:59,61,comp4,unscheduled
2015-02-23 02:52:29,74,comp1,unscheduled
2015-02-23 17:44:23,32,comp2,unscheduled
2015-02-24 10:35:37,3,comp1,unscheduled
2015-02-24 15:57:01,77,comp1,unscheduled
2015-02-25 02:22:03,97,comp3,unscheduled
2015-02-25 05:44:17,54,comp3,unscheduled
2015-02-25 13:57:13,70,comp1,unscheduled
2015-02-25 15:12:02,97,comp1,unscheduled
2015-02-25 23:37:33,65,comp2,unscheduled
2015-02-26 04:09:39,61,comp1,unscheduled
2015-02-26 04:35:22,86,comp2,unscheduled
2015-02-26 12:48:31,68,comp1,unscheduled
2015-02-27 05:26:18,25,comp1,unscheduled
2015-02-27 12:20:02,16,comp4,unscheduled
2015-02-27 14:34:17,89,comp2,unscheduled
2015-02-27 17:00:34,63,comp1,unscheduled
2015-02-27 21:17:11,15,comp4,unscheduled
2015-02-27 22:37:20,50,comp2,unscheduled
2015-02-28 13:50:37,32,comp3,unscheduled
2015-02-28 22:11:53,50,comp2,unscheduled
2015-03-01 01:43:27,64,comp1,unscheduled
2015-03-01 04:18:23,38,comp1,unscheduled
2015-03-01 06:41:52,91,comp2,unscheduled
2015-03-01 08:14:53,33,comp3,unscheduled
2015-03-01 09:58:51,41,comp3,unscheduled
2015-03-01 19:06:53,61,comp3,unscheduled
2015-03-01 22:45:03,65,comp4,unscheduled
2015-03-02 00:15:28,82,comp2,unscheduled
2015-03-02 00:32:29,18,comp1,unscheduled
2015-03-02 02:11:23,95,comp2,unscheduled
2015-03-02 02:48:39,9,comp1,unscheduled
2015-03-02 08:52:46,14,comp4,unscheduled
2015-03-02 10:06:35,99,comp2,unscheduled
2015-03-02 18:59:23,51,comp2,unscheduled
2015-03-02 23:52:41,51,comp3,unscheduled
2015-03-03 03:09:38,98,comp2,unscheduled
2015-03-03 03:09:59,99,comp3,unscheduled
2015-03-03 03:22:45,10,comp2,unscheduled
2015-03-03 06:18:25,12,comp3,unscheduled
2015-03-03 08:26:22,71,comp2,unscheduled
2015-03-03 12:11:29,60,comp3,unscheduled
2015-03-03 19:49:53,19,comp3,unscheduled
2015-03-04 10:59:46,59,comp4,unscheduled
2015-03-04 18:03:11,15,comp4,unscheduled
2015-03-05 02:37:34,18,comp4,unscheduled
2015-03-05 14:24:28,39,comp2,unscheduled
2015-03-05 21:39:54,77,comp3,unscheduled
2015-03-06 02:19:42,36,comp3,unscheduled
2015-03-06 14:07:54,6,comp1,unscheduled
2015-03-06 14:37:55,68,comp1,unscheduled
2015-03-07 03:54:29,39,comp1,unscheduled
2015-03-07 21:38:18,24,comp3,unscheduled
2015-03-08 00:21:44,69,comp4,unscheduled
2015-03-09 12:03:34,51,comp2,unscheduled
2015-03-09 14:03:08,23,comp4,unscheduled
2015-03-09 16:05:32,86,comp4,unscheduled
2015-03-09 18:25:51,86,comp3,unscheduled
2015-03-09 23:45:52,69,comp4,unscheduled
2015-03-10 00:53:45,58,comp2,unscheduled
2015-03-10 05:05:02,75,comp4,unscheduled
2015-03-10 07:22:57,26,comp3,unscheduled
2015-03-10 09:42:55,41,comp4,unscheduled
2015-03-10 18:14:51,18,comp1,unscheduled
2015-03-11 08:22:21,20,comp4,unscheduled
2015-03-11 15:45:45,19,comp2,unscheduled
2015-03-11 16:30:59,49,comp3,unscheduled
2015-03-11 22:15:06,69,comp3,unscheduled
2015-03-12 01:35:58,97,comp2,unscheduled
2015-03-12 10:49:20,97,comp3,unscheduled
2015-03-12 11:36:05,58,comp3,unscheduled
2015-03-12 13:50:14,36,comp2,unscheduled
2015-03-12 14:52:13,43,comp4,unscheduled
2015-03-13 14:23:38,50,comp3,unscheduled
2015-03-13 21:43:17,49,comp3,unscheduled
2015-03-14 04:00:51,10,comp3,unscheduled
2015-03-14 20:23:45,60,comp2,unscheduled
2015-03-15 06:22:03,63,comp4,unscheduled
2015-03-15 17:08:38,84,comp4,unscheduled
2015-03-15 17:58:35,9,comp3,unscheduled
2015-03-15 19:39:45,21,comp3,unscheduled
2015-03-15 20:09:30,73,comp1,unscheduled
2015-03-15 20:52:31,3,comp4,unscheduled
2015-03-15 22:44:56,1,comp3,unscheduled
2015-03-16 00:37:02,61,comp3,unscheduled
2015-03-16 09:17:28,49,comp4,unscheduled
2015-03-16 09:44:56,3,comp2,unscheduled
2015-03-16 12:04:45,23,comp1,unscheduled
2015-03-16 19:00:56,48,comp1,unscheduled
2015-03-17 00:06:00,20,comp4,unscheduled
2015-03-17 09:18:25,49,comp3,unscheduled
2015-03-17 12:16:03,25,comp2,unscheduled
2015-03-18 12:30:01,22,comp3,unscheduled
2015-03-18 19:48:31,53,comp3,unscheduled
2015-03-19 00:34:03,39,comp2,unscheduled
2015-03-19 08:01:31,25,comp2,unscheduled
2015-03-19 08:50:13,72,comp2,unscheduled
2015-03-19 10:10:34,38,comp2,unscheduled
2015-03-19 12:09:12,19,comp3,unscheduled
2015-03-19 23:32:35,75,comp3,unscheduled
2015-03-21 01:18:01,60,comp1,unscheduled
2015-03-21 01:39:52,14,comp4,unscheduled
2015-03-21 07:50:01,10,comp4,unscheduled
2015-03-21 16:39:16,85,comp3,unscheduled
2015-03-22 07:50:10,33,comp3,unscheduled
2015-03-22 10:50:47,85,comp4,unscheduled
2015-03-22 16:43:25,51,comp1,unscheduled
2015-03-23 14:03:18,17,comp3,unscheduled
2015-03-23 15:02:40,24,comp1,unscheduled
2015-03-23 19:12:38,14,comp4,unscheduled
2015-03-23 22:53:50,51,comp2,unscheduled
2015-03-24 04:49:00,36,comp4,unscheduled
2015-03-24 08:58:10,84,comp2,unscheduled
2015-03-24 09:06:01,43,comp2,unscheduled
2015-03-24 14:52:09,95,comp2,unscheduled
2015-03-24 18:44:31,11,comp1,unscheduled
2015-03-24 23:50:29,24,comp3,unscheduled
2015-03-25 02:11:07,33,comp2,unscheduled
2015-03-25 12:09:36,91,comp2,unscheduled
2015-03-25 13:11:01,98,comp2,unscheduled
2015-03-25 20:48:44,85,comp3,unscheduled
2015-03-26 00:51:03,49,comp4,unscheduled
2015-03-26 09:06:00,83,comp3,unscheduled
2015-03-26 13:07:09,9,comp4,unscheduled
2015-03-26 15:34:36,38,comp3,unscheduled
2015-03-26 23:44:50,26,comp3,unscheduled
2015-03-27 01:16:12,73,comp4,unscheduled
2015-03-27 05:09:28,36,comp4,unscheduled
2015-03-27 23:17:30,79,comp2,unscheduled
2015-03-28 00:59:36,88,comp1,unscheduled
2015-03-28 01:25:41,46,comp3,unscheduled
2015-03-28 09:13:57,19,comp1,unscheduled
2015-03-28 13:47:53,20,comp2,unscheduled
2015-03-29 01:54:07,38,comp1,unscheduled
2015-03-29 02:06:49,95,comp3,unscheduled
2015-03-29 05:48:09,25,comp2,unscheduled
2015-03-29 06:21:42,60,comp2,unscheduled
2015-03-29 07:22:33,53,comp1,unscheduled
2015-03-29 14:52:52,77,comp1,unscheduled
2015-03-29 19:57:19,96,comp2,unscheduled
2015-03-30 08:17:48,49,comp2,unscheduled
2015-03-30 08:19:32,67,comp3,unscheduled
2015-03-30 09:20:37,20,comp2,unscheduled
2015-03-30 17:42:52,91,comp1,unscheduled
2015-03-30 21:43:48,57,comp4,unscheduled
2015-03-31 08:51:31,73,comp2,unscheduled
2015-03-31 12:46:13,48,comp1,unscheduled
2015-03-31 19:30:47,32,comp3,unscheduled
2015-03-31 21:30:53,52,comp4,unscheduled
2015-04-01 04:09:11,70,comp2,unscheduled
2015-04-01 11:42:18,85,comp4,unscheduled
2015-04-01 15:40:03,52,comp2,unscheduled
2015-04-01 16:57:35,63,comp1,unscheduled
2015-04-01 19:22:41,78,comp2,unscheduled
2015-04-02 01:38:18,32,comp4,unscheduled
2015-04-02 04:13:02,67,comp4,unscheduled
2015-04-02 04:29:41,81,comp3,unscheduled
2015-04-02 05:08:02,25,comp2,unscheduled
2015-04-02 06:00:00,2,comp1,scheduled
2015-04-02 06:00:00,6,comp2,scheduled
2015-04-02 06:00:00,10,comp3,scheduled
2015-04-02 06:00:00,12,comp4,scheduled
2015-04-02 06:00:00,13,comp1,scheduled
2015-04-02 06:00:00,14,comp1,scheduled
2015-04-02 06:00:00,18,comp1,scheduled
2015-04-02 06:00:00,19,comp3,scheduled
2015-04-02 06:00:00,20,comp1,scheduled
2015-04-02 06:00:00,25,comp4,scheduled
2015-04-02 06:00:00,27,comp4,scheduled
2015-04-02 06:00:00,34,comp2,scheduled
2015-04-02 06:00:00,42,comp4,scheduled
2015-04-02 06:00:00,47,comp3,scheduled
2015-04-02 06:00:00,49,comp4,scheduled
2015-04-02 06:00:00,51,comp3,scheduled
2015-04-02 06:00:00,53,comp1,scheduled
2015-04-02 06:00:00,55,comp4,scheduled
2015-04-02 06:00:00,63,comp3,scheduled
2015-04-02 06:00:00,68,comp4,scheduled
2015-04-02 06:00:00,74,comp2,scheduled
2015-04-02 06:00:00,83,comp4,scheduled
2015-04-02 06:00:00,85,comp2,scheduled
2015-04-02 06:00:00,86,comp1,scheduled
2015-04-02 06:00:00,89,comp1,scheduled
2015-04-02 07:00:00,8,comp2,scheduled
2015-04-02 07:00:00,21,comp3,scheduled
2015-04-02 07:00:00,26,comp4,scheduled
2015-04-02 07:00:00,28,comp4,scheduled
2015-04-02 07:00:00,30,comp1,scheduled
2015-04-02 07:00:00,31,comp1,scheduled
2015-04-02 07:00:00,37,comp3,scheduled
2015-04-02 07:00:00,38,comp4,scheduled
2015-04-02 07:00:00,54,comp1,scheduled
2015-04-02 07:00:00,59,comp1,scheduled
2015-04-02 07:00:00,64,comp4,scheduled
2015-04-02 07:00:00,67,comp3,scheduled
2015-04-02 07:00:00,77,comp4,scheduled
2015-04-02 07:00:00,78,comp3,scheduled
2015-04-02 07:00:00,84,comp3,scheduled
2015-04-02 07:00:00,94,comp2,scheduled
2015-04-02 07:00:00,97,comp1,scheduled
2015-04-02 07:00:00,99,comp2,scheduled
2015-04-02 08:00:00,5,comp2,scheduled
2015-04-02 08:00:00,9,comp4,scheduled
2015-04-02 08:00:00,22,comp4,scheduled
2015-04-02 08:00:00,29,comp2,scheduled
2015-04-02 08:00:00,36,comp4,scheduled
2015-04-02 08:00:00,40,comp4,scheduled
2015-04-02 08:00:00,41,comp3,scheduled
2015-04-02 08:00:00,45,comp1,scheduled
2015-04-02 08:00:00,48,comp3,scheduled
2015-04-02 08:00:00,52,comp4,scheduled
2015-04-02 08:00:00,58,comp4,scheduled
2015-04-02 08:00:00,61,comp4,scheduled
2015-04-02 08:00:00,70,comp1,scheduled
2015-04-02 08:00:00,71,comp1,scheduled
2015-04-02 08:00:00,72,comp2,scheduled
2015-04-02 08:00:00,73,comp1,scheduled
2015-04-02 08:00:00,76,comp1,scheduled
2015-04-02 08:00:00,79,comp2,scheduled
2015-04-02 08:00:00,81,comp2,scheduled
2015-04-02 08:00:00,88,comp1,scheduled
2015-04-02 08:00:00,91,comp4,scheduled
2015-04-02 08:00:00,92,comp1,scheduled
2015-04-02 08:00:00,95,comp3,scheduled
2015-04-02 08:00:00,98,comp1,scheduled
2015-04-02 08:15:33,10,comp4,unscheduled
2015-04-02 09:00:00,1,comp4,scheduled
2015-04-02 09:00:00,3,comp3,scheduled
2015-04-02 09:00:00,4,comp3,scheduled
2015-04-02 09:00:00,15,comp4,scheduled
2015-04-02 09:00:00,16,comp2,scheduled
2015-04-02 09:00:00,24,comp2,scheduled
2015-04-02 09:00:00,33,comp4,scheduled
2015-04-02 09:00:00,39,comp1,scheduled
2015-04-02 09:00:00,43,comp2,scheduled
2015-04-02 09:00:00,46,comp1,scheduled
2015-04-02 09:00:00,50,comp4,scheduled
2015-04-02 09:00:00,60,comp3,scheduled
2015-04-02 09:00:00,62,comp1,scheduled
2015-04-02 09:00:00,87,comp1,scheduled
2015-04-02 09:00:00,100,comp4,scheduled
2015-04-02 10:00:00,7,comp2,scheduled
2015-04-02 10:00:00,11,comp3,scheduled
2015-04-02 10:00:00,17,comp2,scheduled
2015-04-02 10:00:00,23,comp4,scheduled
2015-04-02 10:00:00,32,comp1,scheduled
2015-04-02 10:00:00,35,comp2,scheduled
2015-04-02 10:00:00,44,comp2,scheduled
2015-04-02 10:00:00,56,comp3,scheduled
2015-04-02 10:00:00,57,comp1,scheduled
2015-04-02 10:00:00,65,comp1,scheduled
2015-04-02 10:00:00,66,comp3,scheduled
2015-04-02 10:00:00,69,comp1,scheduled
2015-04-02 10:00:00,75,comp3,scheduled
2015-04-02 10:00:00,80,comp3,scheduled
2015-04-02 10:00:00,82,comp4,scheduled
2015-04-02 10:00:00,90,comp4,scheduled
2015-04-02 10:00:00,93,comp3,scheduled
2015-04-02 10:00:00,96,comp4,scheduled
2015-04-02 16:43:45,83,comp3,unscheduled
2015-04-02 19:12:59,6,comp1,unscheduled
2015-04-02 22:33:06,18,comp3,unscheduled
2015-04-03 02:55:02,72,comp2,unscheduled
2015-04-03 09:40:59,86,comp3,unscheduled
2015-04-03 15:24:00,38,comp3,unscheduled
2015-04-03 16:42:51,10,comp4,unscheduled
2015-04-03 17:49:44,63,comp1,unscheduled
2015-04-03 21:55:59,32,comp2,unscheduled
2015-04-03 22:24:50,60,comp2,unscheduled
2015-04-04 03:42:19,51,comp1,unscheduled
2015-04-04 07:58:53,45,comp1,unscheduled
2015-04-04 12:41:46,69,comp1,unscheduled
2015-04-04 17:36:05,45,comp4,unscheduled
2015-04-05 07:31:13,39,comp2,unscheduled
2015-04-05 11:46:06,46,comp1,unscheduled
2015-04-05 14:13:35,85,comp4,unscheduled
2015-04-05 15:44:12,61,comp3,unscheduled
2015-04-05 16:58:19,42,comp1,unscheduled
2015-04-05 18:05:59,25,comp2,unscheduled
2015-04-05 20:05:06,68,comp3,unscheduled
2015-04-05 20:53:44,12,comp1,unscheduled
2015-04-06 02:05:52,25,comp3,unscheduled
2015-04-06 08:10:50,42,comp1,unscheduled
2015-04-06 14:53:36,10,comp3,unscheduled
2015-04-07 00:26:28,31,comp2,unscheduled
2015-04-07 00:50:50,38,comp4,unscheduled
2015-04-07 09:05:10,19,comp2,unscheduled
2015-04-07 09:18:26,50,comp3,unscheduled
2015-04-07 18:41:46,27,comp1,unscheduled
2015-04-07 21:47:08,17,comp2,unscheduled
2015-04-08 00:21:53,4,comp3,unscheduled
2015-04-08 03:05:03,72,comp3,unscheduled
2015-04-08 05:35:52,57,comp1,unscheduled
2015-04-08 08:00:39,73,comp1,unscheduled
2015-04-08 08:15:59,86,comp2,unscheduled
2015-04-08 12:37:10,14,comp2,unscheduled
2015-04-08 15:15:07,48,comp3,unscheduled
2015-04-08 23:20:27,37,comp4,unscheduled
2015-04-09 00:31:40,59,comp1,unscheduled
2015-04-09 01:16:08,50,comp4,unscheduled
2015-04-09 15:14:25,70,comp4,unscheduled
2015-04-09 22:11:09,21,comp3,unscheduled
2015-04-09 23:44:42,91,comp4,unscheduled
2015-04-10 03:49:02,70,comp2,unscheduled
2015-04-10 19:08:05,77,comp2,unscheduled
2015-04-11 08:01:08,43,comp2,unscheduled
2015-04-11 15:50:25,31,comp3,unscheduled
2015-04-12 00:49:57,36,comp3,unscheduled
2015-04-12 06:30:44,10,comp4,unscheduled
2015-04-12 10:42:07,20,comp3,unscheduled
2015-04-12 17:36:00,15,comp4,unscheduled
2015-04-12 19:31:17,77,comp1,unscheduled
2015-04-13 12:30:29,14,comp4,unscheduled
2015-04-13 16:55:57,77,comp2,unscheduled
2015-04-13 17:00:03,13,comp3,unscheduled
2015-04-13 17:49:40,52,comp1,unscheduled
2015-04-13 18:40:50,51,comp4,unscheduled
2015-04-13 22:11:28,66,comp3,unscheduled
2015-04-13 23:52:17,8,comp4,unscheduled
2015-04-14 01:24:16,86,comp4,unscheduled
2015-04-14 02:19:33,20,comp3,unscheduled
2015-04-14 03:42:24,10,comp1,unscheduled
2015-04-14 03:52:26,54,comp2,unscheduled
2015-04-14 14:48:34,19,comp1,unscheduled
2015-04-14 17:08:40,60,comp3,unscheduled
2015-04-14 18:13:46,61,comp3,unscheduled
2015-04-14 20:47:36,97,comp2,unscheduled
2015-04-15 05:37:39,42,comp3,unscheduled
2015-04-15 21:21:01,41,comp3,unscheduled
2015-04-16 05:07:26,48,comp3,unscheduled
2015-04-16 12:34:06,32,comp1,unscheduled
2015-04-16 16:10:56,99,comp2,unscheduled
2015-04-16 17:31:06,57,comp1,unscheduled
2015-04-16 18:28:09,14,comp3,unscheduled
2015-04-16 20:08:20,77,comp4,unscheduled
2015-04-16 23:56:29,36,comp4,unscheduled
2015-04-17 02:05:58,99,comp2,unscheduled
2015-04-17 03:03:52,97,comp4,unscheduled
2015-04-17 04:30:17,61,comp1,unscheduled
2015-04-17 12:46:00,49,comp1,unscheduled
2015-04-17 14:20:33,73,comp4,unscheduled
2015-04-17 15:26:01,32,comp2,unscheduled
2015-04-18 03:24:05,84,comp4,unscheduled
2015-04-18 06:48:44,61,comp4,unscheduled
2015-04-18 07:00:35,44,comp4,unscheduled
2015-04-18 09:09:47,49,comp4,unscheduled
2015-04-18 10:50:47,14,comp2,unscheduled
2015-04-18 16:23:19,86,comp2,unscheduled
2015-04-19 00:36:25,58,comp3,unscheduled
2015-04-19 01:32:22,37,comp1,unscheduled
2015-04-19 04:13:44,4,comp4,unscheduled
2015-04-19 04:26:38,96,comp2,unscheduled
2015-04-19 04:46:07,20,comp4,unscheduled
2015-04-19 07:47:58,42,comp4,unscheduled
2015-04-19 09:38:00,20,comp1,unscheduled
2015-04-19 15:22:01,83,comp2,unscheduled
2015-04-20 10:09:31,14,comp1,unscheduled
2015-04-20 19:07:34,52,comp2,unscheduled
2015-04-20 21:44:20,49,comp4,unscheduled
2015-04-21 00:02:54,100,comp4,unscheduled
2015-04-21 05:04:51,25,comp3,unscheduled
2015-04-21 10:14:04,50,comp3,unscheduled
2015-04-21 16:16:30,12,comp4,unscheduled
2015-04-21 23:10:45,32,comp1,unscheduled
2015-04-22 03:31:22,73,comp4,unscheduled
2015-04-22 10:13:46,24,comp2,unscheduled
2015-04-22 14:33:59,67,comp2,unscheduled
2015-04-22 16:54:01,95,comp4,unscheduled
2015-04-22 16:55:17,71,comp4,unscheduled
2015-04-22 20:37:34,60,comp1,unscheduled
2015-04-22 21:19:55,52,comp4,unscheduled
2015-04-22 22:23:04,59,comp2,unscheduled
2015-04-23 02:02:44,56,comp1,unscheduled
2015-04-24 02:44:00,52,comp3,unscheduled
2015-04-24 08:20:48,61,comp3,unscheduled
2015-04-24 10:54:39,49,comp4,unscheduled
2015-04-24 22:23:09,68,comp1,unscheduled
2015-04-25 12:38:46,90,comp2,unscheduled
2015-04-25 14:37:43,75,comp1,unscheduled
2015-04-25 14:55:03,77,comp2,unscheduled
2015-04-25 15:45:00,72,comp3,unscheduled
2015-04-25 19:42:22,23,comp4,unscheduled
2015-04-25 21:43:49,72,comp2,unscheduled
2015-04-26 01:13:01,49,comp2,unscheduled
2015-04-26 05:31:02,9,comp2,unscheduled
2015-04-26 11:31:55,51,comp1,unscheduled
2015-04-26 22:44:31,62,comp1,unscheduled
2015-04-26 23:16:17,34,comp2,unscheduled
2015-04-27 06:24:43,12,comp3,unscheduled
2015-04-27 07:13:34,68,comp3,unscheduled
2015-04-27 15:12:23,22,comp4,unscheduled
2015-04-27 21:03:22,23,comp2,unscheduled
2015-04-28 02:57:15,39,comp1,unscheduled
2015-04-28 03:23:54,89,comp4,unscheduled
2015-04-28 07:58:41,72,comp3,unscheduled
2015-04-28 08:36:59,80,comp1,unscheduled
2015-04-28 09:20:17,49,comp3,unscheduled
2015-04-28 11:39:50,12,comp3,unscheduled
2015-04-28 23:57:08,50,comp2,unscheduled
2015-04-29 00:19:11,24,comp4,unscheduled
2015-04-29 02:20:07,56,comp2,unscheduled
2015-04-29 04:53:00,81,comp3,unscheduled
2015-04-29 12:35:06,20,comp1,unscheduled
2015-04-29 14:21:00,51,comp1,unscheduled
2015-04-29 22:02:49,46,comp2,unscheduled
2015-04-30 01:56:00,48,comp4,unscheduled
2015-04-30 11:08:59,55,comp4,unscheduled
2015-04-30 17:10:33,16,comp3,unscheduled
2015-04-30 23:27:47,75,comp3,unscheduled
2015-04-30 23:56:45,97,comp4,unscheduled
2015-05-01 13:19:08,25,comp3,unscheduled
2015-05-01 16:24:04,60,comp4,unscheduled
2015-05-01 19:05:34,39,comp3,unscheduled
2015-05-02 00:40:14,98,comp3,unscheduled
2015-05-02 03:39:08,39,comp4,unscheduled
2015-05-02 08:14:05,95,comp1,unscheduled
2015-05-02 08:55:50,91,comp3,unscheduled
2015-05-02 09:09:42,91,comp3,unscheduled
2015-05-02 19:00:31,9,comp1,unscheduled
2015-05-02 19:41:04,20,comp4,unscheduled
2015-05-02 21:54:21,22,comp2,unscheduled
2015-05-03 00:24:21,10,comp4,unscheduled
2015-05-03 03:30:44,59,comp3,unscheduled
2015-05-03 13:07:12,48,comp1,unscheduled
2015-05-03 18:59:06,11,comp1,unscheduled
2015-05-03 20:46:50,10,comp1,unscheduled
2015-05-03 23:29:45,67,comp3,unscheduled
2015-05-04 05:25:52,29,comp4,unscheduled
2015-05-04 13:37:05,63,comp2,unscheduled
2015-05-05 03:54:32,32,comp4,unscheduled
2015-05-05 16:28:47,59,comp4,unscheduled
2015-05-05 23:10:56,63,comp4,unscheduled
2015-05-06 02:17:59,89,comp4,unscheduled
2015-05-06 03:34:49,24,comp2,unscheduled
2015-05-06 04:05:47,42,comp4,unscheduled
2015-05-06 04:15:17,57,comp3,unscheduled
2015-05-06 13:07:48,59,comp2,unscheduled
2015-05-06 17:46:07,86,comp2,unscheduled
2015-05-06 23:23:27,68,comp1,unscheduled
2015-05-07 05:21:05,43,comp4,unscheduled
2015-05-07 06:56:52,90,comp4,unscheduled
2015-05-07 16:14:42,23,comp2,unscheduled
2015-05-07 21:14:34,75,comp2,unscheduled
2015-05-07 22:25:25,36,comp4,unscheduled
2015-05-08 03:08:52,36,comp2,unscheduled
2015-05-08 09:14:24,79,comp3,unscheduled
2015-05-08 11:37:23,20,comp3,unscheduled
2015-05-08 14:23:49,85,comp3,unscheduled
2015-05-08 14:27:11,67,comp3,unscheduled
2015-05-09 00:31:23,94,comp2,unscheduled
2015-05-09 01:59:34,59,comp3,unscheduled
2015-05-09 05:41:14,22,comp2,unscheduled
2015-05-09 11:11:54,47,comp2,unscheduled
2015-05-09 12:02:17,33,comp4,unscheduled
2015-05-09 14:32:25,20,comp1,unscheduled
2015-05-09 22:24:53,64,comp3,unscheduled
2015-05-10 00:11:34,19,comp3,unscheduled
2015-05-10 02:33:53,63,comp4,unscheduled
2015-05-10 10:39:33,59,comp3,unscheduled
2015-05-10 12:31:50,85,comp2,unscheduled
2015-05-10 12:58:20,14,comp3,unscheduled
2015-05-11 04:10:51,25,comp2,unscheduled
2015-05-11 10:19:33,32,comp3,unscheduled
2015-05-11 12:57:15,36,comp3,unscheduled
2015-05-12 11:37:09,66,comp2,unscheduled
2015-05-12 13:03:17,77,comp3,unscheduled
2015-05-12 15:04:17,91,comp1,unscheduled
2015-05-12 18:31:46,2,comp4,unscheduled
2015-05-12 23:23:43,97,comp3,unscheduled
2015-05-12 23:52:00,61,comp1,unscheduled
2015-05-13 04:11:16,43,comp3,unscheduled
2015-05-13 07:36:34,50,comp4,unscheduled
2015-05-13 09:22:51,98,comp3,unscheduled
2015-05-13 12:30:18,40,comp2,unscheduled
2015-05-14 03:52:33,14,comp4,unscheduled
2015-05-14 12:03:04,47,comp1,unscheduled
2015-05-15 00:47:17,63,comp2,unscheduled
2015-05-15 01:14:39,100,comp4,unscheduled
2015-05-15 04:54:18,71,comp2,unscheduled
2015-05-15 06:02:14,20,comp4,unscheduled
2015-05-15 20:10:25,40,comp2,unscheduled
2015-05-16 03:13:55,59,comp2,unscheduled
2015-05-16 12:59:53,12,comp2,unscheduled
2015-05-16 19:03:09,20,comp4,unscheduled
2015-05-16 21:52:00,38,comp3,unscheduled
2015-05-17 07:46:31,97,comp2,unscheduled
2015-05-17 08:55:08,20,comp1,unscheduled
2015-05-17 13:34:48,95,comp1,unscheduled
2015-05-17 14:37:46,34,comp1,unscheduled
2015-05-17 15:06:42,47,comp4,unscheduled
2015-05-17 19:52:09,73,comp4,unscheduled
2015-05-18 07:46:22,94,comp1,unscheduled
2015-05-18 14:17:33,1,comp2,unscheduled
2015-05-18 19:12:30,43,comp3,unscheduled
2015-05-19 23:01:25,17,comp3,unscheduled
2015-05-20 03:03:36,86,comp4,unscheduled
2015-05-20 05:07:13,68,comp3,unscheduled
2015-05-20 09:44:30,72,comp4,unscheduled
2015-05-21 03:39:19,49,comp3,unscheduled
2015-05-21 12:01:40,60,comp4,unscheduled
2015-05-21 15:50:13,40,comp4,unscheduled
2015-05-21 20:28:44,83,comp2,unscheduled
2015-05-22 10:47:24,22,comp3,unscheduled
2015-05-22 14:47:54,16,comp3,unscheduled
2015-05-22 16:45:11,75,comp1,unscheduled
2015-05-23 01:16:14,77,comp1,unscheduled
2015-05-23 15:48:35,83,comp2,unscheduled
2015-05-23 17:55:02,96,comp1,unscheduled
2015-05-24 03:28:02,77,comp3,unscheduled
2015-05-24 06:21:08,39,comp3,unscheduled
2015-05-24 07:31:11,46,comp4,unscheduled
2015-05-24 09:20:32,16,comp1,unscheduled
2015-05-24 12:14:31,12,comp4,unscheduled
2015-05-24 17:08:41,98,comp2,unscheduled
2015-05-24 21:35:22,83,comp4,unscheduled
2015-05-24 21:58:15,40,comp1,unscheduled
2015-05-25 02:04:40,81,comp1,unscheduled
2015-05-25 06:23:07,78,comp4,unscheduled
2015-05-25 17:19:13,92,comp4,unscheduled
2015-05-26 08:44:18,91,comp2,unscheduled
2015-05-26 13:46:19,68,comp1,unscheduled
2015-05-26 18:06:51,39,comp2,unscheduled
2015-05-27 02:23:09,98,comp3,unscheduled
2015-05-27 11:51:09,63,comp3,unscheduled
2015-05-28 04:26:10,42,comp3,unscheduled
2015-05-28 05:30:14,36,comp2,unscheduled
2015-05-28 05:42:44,37,comp2,unscheduled
2015-05-28 05:53:24,23,comp4,unscheduled
2015-05-28 13:56:39,67,comp1,unscheduled
2015-05-28 17:22:48,51,comp1,unscheduled
2015-05-28 17:24:29,34,comp2,unscheduled
2015-05-28 22:17:10,90,comp2,unscheduled
2015-05-28 23:24:54,77,comp3,unscheduled
2015-05-29 01:19:54,64,comp4,unscheduled
2015-05-29 02:34:22,72,comp2,unscheduled
2015-05-29 13:32:50,19,comp4,unscheduled
2015-05-29 13:34:16,69,comp2,unscheduled
2015-05-29 17:32:49,63,comp4,unscheduled
2015-05-29 23:16:50,61,comp4,unscheduled
2015-05-30 02:56:19,25,comp4,unscheduled
2015-05-30 09:36:03,72,comp3,unscheduled
2015-05-30 14:16:53,20,comp1,unscheduled
2015-05-30 22:30:53,64,comp2,unscheduled
2015-05-31 22:26:30,81,comp3,unscheduled
2015-06-01 00:24:42,36,comp2,unscheduled
2015-06-01 06:11:13,33,comp1,unscheduled
2015-06-01 10:56:20,34,comp3,unscheduled
2015-06-01 14:59:40,8,comp2,unscheduled
2015-06-03 00:32:05,36,comp3,unscheduled
2015-06-03 05:42:05,77,comp3,unscheduled
2015-06-03 16:59:29,10,comp2,unscheduled
2015-06-04 01:05:14,39,comp2,unscheduled
2015-06-04 08:08:36,77,comp3,unscheduled
2015-06-04 08:48:47,67,comp4,unscheduled
2015-06-04 14:55:49,84,comp3,unscheduled
2015-06-04 17:58:19,20,comp1,unscheduled
2015-06-04 20:26:04,91,comp4,unscheduled
2015-06-05 05:02:04,25,comp2,unscheduled
2015-06-05 05:16:21,20,comp3,unscheduled
2015-06-05 12:29:07,59,comp4,unscheduled
2015-06-05 14:51:50,50,comp4,unscheduled
2015-06-05 15:34:51,97,comp3,unscheduled
2015-06-05 17:57:59,7,comp3,unscheduled
2015-06-05 23:20:38,89,comp3,unscheduled
2015-06-06 06:38:36,23,comp3,unscheduled
2015-06-06 08:42:08,2,comp3,unscheduled
2015-06-06 19:27:39,10,comp2,unscheduled
2015-06-06 23:11:04,59,comp1,unscheduled
2015-06-07 00:30:16,36,comp3,unscheduled
2015-06-07 01:17:30,46,comp1,unscheduled
2015-06-07 19:42:42,18,comp1,unscheduled
2015-06-07 20:03:12,6,comp1,unscheduled
2015-06-07 20:11:04,45,comp1,unscheduled
2015-06-08 07:06:05,33,comp1,unscheduled
2015-06-08 10:44:55,60,comp3,unscheduled
2015-06-08 11:54:56,82,comp3,unscheduled
2015-06-08 13:35:35,80,comp2,unscheduled
2015-06-08 14:04:48,59,comp1,unscheduled
2015-06-08 14:29:52,23,comp2,unscheduled
2015-06-08 15:39:35,51,comp1,unscheduled
2015-06-09 05:16:39,65,comp2,unscheduled
2015-06-09 12:42:05,63,comp2,unscheduled
2015-06-09 13:00:50,94,comp2,unscheduled
2015-06-09 15:45:03,1,comp4,unscheduled
2015-06-09 20:48:37,59,comp1,unscheduled
2015-06-09 21:26:41,19,comp3,unscheduled
2015-06-10 11:44:47,60,comp3,unscheduled
2015-06-10 17:01:19,91,comp4,unscheduled
2015-06-10 20:28:20,99,comp2,unscheduled
2015-06-10 22:52:12,25,comp2,unscheduled
2015-06-11 02:50:56,33,comp3,unscheduled
2015-06-11 03:00:14,82,comp1,unscheduled
2015-06-11 03:32:37,61,comp2,unscheduled
2015-06-11 08:39:02,61,comp3,unscheduled
2015-06-11 08:46:10,75,comp4,unscheduled
2015-06-11 11:17:48,33,comp3,unscheduled
2015-06-11 13:18:16,91,comp1,unscheduled
2015-06-11 15:01:22,50,comp4,unscheduled
2015-06-12 17:33:41,35,comp2,unscheduled
2015-06-12 18:32:40,82,comp1,unscheduled
2015-06-12 19:27:33,10,comp4,unscheduled
2015-06-13 01:07:20,98,comp2,unscheduled
2015-06-13 03:13:52,40,comp4,unscheduled
2015-06-13 04:01:17,33,comp3,unscheduled
2015-06-13 06:50:37,23,comp3,unscheduled
2015-06-13 11:38:12,86,comp2,unscheduled
2015-06-13 17:16:08,37,comp1,unscheduled
2015-06-14 06:03:25,95,comp1,unscheduled
2015-06-14 06:42:55,9,comp3,unscheduled
2015-06-14 12:00:44,14,comp4,unscheduled
2015-06-14 12:02:20,1,comp4,unscheduled
2015-06-14 16:06:14,99,comp4,unscheduled
2015-06-14 18:50:45,72,comp2,unscheduled
2015-06-15 02:34:56,53,comp2,unscheduled
2015-06-15 02:38:59,26,comp1,unscheduled
2015-06-15 05:58:58,47,comp2,unscheduled
2015-06-15 13:09:29,89,comp3,unscheduled
2015-06-15 17:30:43,30,comp2,unscheduled
2015-06-15 17:43:43,91,comp1,unscheduled
2015-06-16 02:19:51,15,comp3,unscheduled
2015-06-16 08:46:20,40,comp1,unscheduled
2015-06-16 10:57:38,36,comp2,unscheduled
2015-06-16 12:59:01,51,comp4,unscheduled
2015-06-16 15:37:03,96,comp1,unscheduled
2015-06-16 21:54:09,16,comp2,unscheduled
2015-06-16 22:50:52,24,comp1,unscheduled
2015-06-16 23:05:07,100,comp2,unscheduled
2015-06-17 00:32:32,91,comp4,unscheduled
2015-06-17 01:44:54,90,comp1,unscheduled
2015-06-17 06:17:30,68,comp4,unscheduled
2015-06-17 09:41:17,1,comp2,unscheduled
2015-06-17 11:58:59,22,comp2,unscheduled
2015-06-17 17:22:51,91,comp2,unscheduled
2015-06-17 18:47:56,57,comp2,unscheduled
2015-06-18 08:43:51,40,comp2,unscheduled
2015-06-18 18:25:40,20,comp4,unscheduled
2015-06-19 03:02:03,41,comp3,unscheduled
2015-06-19 03:50:54,42,comp4,unscheduled
2015-06-19 06:17:08,36,comp2,unscheduled
2015-06-19 06:44:33,58,comp2,unscheduled
2015-06-19 11:29:08,20,comp2,unscheduled
2015-06-20 00:12:30,57,comp3,unscheduled
2015-06-20 03:32:16,60,comp4,unscheduled
2015-06-20 04:10:34,12,comp2,unscheduled
2015-06-20 13:12:24,56,comp4,unscheduled
2015-06-20 19:54:35,32,comp2,unscheduled
2015-06-21 01:28:00,50,comp2,unscheduled
2015-06-21 04:46:11,75,comp4,unscheduled
2015-06-21 13:13:11,71,comp2,unscheduled
2015-06-21 13:44:38,24,comp2,unscheduled
2015-06-21 14:12:19,15,comp4,unscheduled
2015-06-21 16:07:13,60,comp2,unscheduled
2015-06-21 16:09:01,99,comp4,unscheduled
2015-06-21 17:13:40,24,comp4,unscheduled
2015-06-21 17:52:36,58,comp1,unscheduled
2015-06-21 21:04:59,29,comp2,unscheduled
2015-06-21 22:27:31,51,comp4,unscheduled
2015-06-22 02:06:44,99,comp4,unscheduled
2015-06-22 04:37:47,83,comp3,unscheduled
2015-06-22 06:18:02,89,comp1,unscheduled
2015-06-22 07:23:01,68,comp2,unscheduled
2015-06-22 16:51:56,83,comp4,unscheduled
2015-06-23 04:12:57,30,comp4,unscheduled
2015-06-23 10:07:24,63,comp4,unscheduled
2015-06-24 01:17:22,45,comp3,unscheduled
2015-06-24 02:13:40,87,comp1,unscheduled
2015-06-24 05:22:52,3,comp4,unscheduled
2015-06-24 18:57:15,31,comp3,unscheduled
2015-06-24 23:05:56,51,comp2,unscheduled
2015-06-25 01:46:45,42,comp3,unscheduled
2015-06-25 08:47:48,91,comp4,unscheduled
2015-06-25 12:59:45,88,comp1,unscheduled
2015-06-26 02:54:58,91,comp2,unscheduled
2015-06-26 04:15:58,81,comp1,unscheduled
2015-06-26 04:17:06,98,comp2,unscheduled
2015-06-26 04:56:03,90,comp3,unscheduled
2015-06-26 07:52:43,52,comp2,unscheduled
2015-06-26 14:06:17,36,comp2,unscheduled
2015-06-26 14:16:23,84,comp3,unscheduled
2015-06-26 14:54:46,77,comp2,unscheduled
2015-06-26 15:17:05,59,comp2,unscheduled
2015-06-26 20:07:09,63,comp3,unscheduled
2015-06-26 20:47:10,25,comp1,unscheduled
2015-06-27 09:33:30,61,comp3,unscheduled
2015-06-27 10:01:06,72,comp4,unscheduled
2015-06-27 10:52:42,65,comp4,unscheduled
2015-06-27 13:38:30,11,comp2,unscheduled
2015-06-27 21:15:56,89,comp4,unscheduled
2015-06-27 23:31:50,11,comp2,unscheduled
2015-06-28 11:30:27,70,comp2,unscheduled
2015-06-28 13:04:52,41,comp2,unscheduled
2015-06-29 02:13:43,70,comp3,unscheduled
2015-06-29 05:00:21,61,comp2,unscheduled
2015-06-29 07:20:29,36,comp3,unscheduled
2015-06-29 09:55:53,60,comp3,unscheduled
2015-06-29 16:00:22,4,comp1,unscheduled
2015-06-30 07:17:13,80,comp4,unscheduled
2015-06-30 10:47:19,28,comp2,unscheduled
2015-06-30 11:23:48,42,comp2,unscheduled
2015-06-30 12:56:15,42,comp4,unscheduled
2015-06-30 14:00:14,24,comp3,unscheduled
2015-06-30 14:25:51,38,comp1,unscheduled
2015-06-30 22:43:45,33,comp4,unscheduled
2015-07-01 12:23:30,36,comp1,unscheduled
2015-07-01 21:09:53,77,comp1,unscheduled
2015-07-02 00:34:54,56,comp2,unscheduled
2015-07-02 06:00:00,2,comp1,scheduled
2015-07-02 06:00:00,3,comp3,scheduled
2015-07-02 06:00:00,4,comp4,scheduled
2015-07-02 06:00:00,11,comp1,scheduled
2015-07-02 06:00:00,19,comp4,scheduled
2015-07-02 06:00:00,21,comp4,scheduled
2015-07-02 06:00:00,35,comp4,scheduled
2015-07-02 06:00:00,38,comp3,scheduled
2015-07-02 06:00:00,54,comp1,scheduled
2015-07-02 06:00:00,56,comp4,scheduled
2015-07-02 06:00:00,61,comp4,scheduled
2015-07-02 06:00:00,65,comp4,scheduled
2015-07-02 06:00:00,66,comp2,scheduled
2015-07-02 06:00:00,71,comp2,scheduled
2015-07-02 06:00:00,75,comp1,scheduled
2015-07-02 06:00:00,76,comp1,scheduled
2015-07-02 06:00:00,92,comp3,scheduled
2015-07-02 06:00:00,98,comp1,scheduled
2015-07-02 07:00:00,20,comp4,scheduled
2015-07-02 07:00:00,26,comp3,scheduled
2015-07-02 07:00:00,27,comp3,scheduled
2015-07-02 07:00:00,28,comp1,scheduled
2015-07-02 07:00:00,30,comp1,scheduled
2015-07-02 07:00:00,31,comp1,scheduled
2015-07-02 07:00:00,36,comp3,scheduled
2015-07-02 07:00:00,39,comp4,scheduled
2015-07-02 07:00:00,40,comp4,scheduled
2015-07-02 07:00:00,41,comp2,scheduled
2015-07-02 07:00:00,42,comp4,scheduled
2015-07-02 07:00:00,44,comp1,scheduled
2015-07-02 07:00:00,45,comp4,scheduled
2015-07-02 07:00:00,50,comp3,scheduled
2015-07-02 07:00:00,51,comp1,scheduled
2015-07-02 07:00:00,52,comp2,scheduled
2015-07-02 07:00:00,60,comp3,scheduled
2015-07-02 07:00:00,62,comp1,scheduled
2015-07-02 07:00:00,63,comp4,scheduled
2015-07-02 07:00:00,82,comp1,scheduled
2015-07-02 07:00:00,85,comp4,scheduled
2015-07-02 07:00:00,86,comp4,scheduled
2015-07-02 07:00:00,90,comp3,scheduled
2015-07-02 07:00:00,91,comp2,scheduled
2015-07-02 07:00:00,95,comp4,scheduled
2015-07-02 07:00:00,97,comp2,scheduled
2015-07-02 07:05:47,50,comp4,unscheduled
2015-07-02 07:58:10,65,comp1,unscheduled
2015-07-02 08:00:00,1,comp1,scheduled
2015-07-02 08:00:00,6,comp1,scheduled
2015-07-02 08:00:00,10,comp1,scheduled
2015-07-02 08:00:00,14,comp3,scheduled
2015-07-02 08:00:00,15,comp1,scheduled
2015-07-02 08:00:00,16,comp1,scheduled
2015-07-02 08:00:00,23,comp4,scheduled
2015-07-02 08:00:00,25,comp3,scheduled
2015-07-02 08:00:00,29,comp3,scheduled
2015-07-02 08:00:00,32,comp1,scheduled
2015-07-02 08:00:00,47,comp3,scheduled
2015-07-02 08:00:00,48,comp3,scheduled
2015-07-02 08:00:00,57,comp4,scheduled
2015-07-02 08:00:00,59,comp2,scheduled
2015-07-02 08:00:00,67,comp1,scheduled
2015-07-02 08:00:00,69,comp4,scheduled
2015-07-02 08:00:00,70,comp2,scheduled
2015-07-02 08:00:00,72,comp3,scheduled
2015-07-02 08:00:00,77,comp4,scheduled
2015-07-02 08:00:00,80,comp3,scheduled
2015-07-02 08:00:00,83,comp1,scheduled
2015-07-02 08:00:00,94,comp2,scheduled
2015-07-02 09:00:00,8,comp3,scheduled
2015-07-02 09:00:00,9,comp1,scheduled
2015-07-02 09:00:00,13,comp4,scheduled
2015-07-02 09:00:00,24,comp2,scheduled
2015-07-02 09:00:00,33,comp2,scheduled
2015-07-02 09:00:00,49,comp1,scheduled
2015-07-02 09:00:00,53,comp4,scheduled
2015-07-02 09:00:00,55,comp1,scheduled
2015-07-02 09:00:00,58,comp1,scheduled
2015-07-02 09:00:00,74,comp3,scheduled
2015-07-02 09:00:00,81,comp3,scheduled
2015-07-02 09:00:00,87,comp3,scheduled
2015-07-02 09:00:00,96,comp4,scheduled
2015-07-02 10:00:00,5,comp2,scheduled
2015-07-02 10:00:00,7,comp1,scheduled
2015-07-02 10:00:00,12,comp1,scheduled
2015-07-02 10:00:00,17,comp1,scheduled
2015-07-02 10:00:00,18,comp1,scheduled
2015-07-02 10:00:00,22,comp3,scheduled
2015-07-02 10:00:00,34,comp3,scheduled
2015-07-02 10:00:00,37,comp4,scheduled
2015-07-02 10:00:00,43,comp2,scheduled
2015-07-02 10:00:00,46,comp3,scheduled
2015-07-02 10:00:00,64,comp4,scheduled
2015-07-02 10:00:00,68,comp3,scheduled
2015-07-02 10:00:00,73,comp4,scheduled
2015-07-02 10:00:00,78,comp4,scheduled
2015-07-02 10:00:00,79,comp2,scheduled
2015-07-02 10:00:00,84,comp4,scheduled
2015-07-02 10:00:00,88,comp3,scheduled
2015-07-02 10:00:00,89,comp1,scheduled
2015-07-02 10:00:00,93,comp1,scheduled
2015-07-02 10:00:00,99,comp3,scheduled
2015-07-02 10:00:00,100,comp3,scheduled
2015-07-02 11:54:06,52,comp4,unscheduled
2015-07-02 12:48:51,59,comp4,unscheduled
2015-07-02 15:34:38,38,comp2,unscheduled
2015-07-02 17:23:07,58,comp4,unscheduled
2015-07-02 19:08:56,19,comp4,unscheduled
2015-07-03 02:28:58,78,comp4,unscheduled
2015-07-03 09:24:26,61,comp4,unscheduled
2015-07-03 18:24:53,24,comp2,unscheduled
2015-07-03 21:54:32,38,comp3,unscheduled
2015-07-04 04:29:49,91,comp2,unscheduled
2015-07-04 08:17:11,31,comp3,unscheduled
2015-07-04 12:35:30,25,comp4,unscheduled
2015-07-04 21:30:33,45,comp1,unscheduled
2015-07-05 03:59:27,9,comp4,unscheduled
2015-07-05 05:46:24,34,comp4,unscheduled
2015-07-05 12:45:31,50,comp1,unscheduled
2015-07-05 21:56:23,50,comp3,unscheduled
2015-07-06 00:26:05,89,comp4,unscheduled
2015-07-07 03:08:50,77,comp4,unscheduled
2015-07-07 06:19:51,95,comp4,unscheduled
2015-07-07 09:13:19,61,comp3,unscheduled
2015-07-07 15:49:32,72,comp2,unscheduled
2015-07-08 01:03:28,49,comp4,unscheduled
2015-07-08 02:23:20,63,comp2,unscheduled
2015-07-08 04:46:17,32,comp1,unscheduled
2015-07-08 05:50:29,60,comp1,unscheduled
2015-07-08 14:30:12,6,comp4,unscheduled
2015-07-08 14:30:41,36,comp3,unscheduled
2015-07-08 14:41:42,99,comp2,unscheduled
2015-07-09 00:06:22,9,comp2,unscheduled
2015-07-09 08:17:41,43,comp1,unscheduled
2015-07-09 12:00:00,67,comp1,unscheduled
2015-07-09 14:37:42,36,comp3,unscheduled
2015-07-09 17:26:48,14,comp2,unscheduled
2015-07-09 17:52:32,45,comp1,unscheduled
2015-07-10 01:02:41,82,comp3,unscheduled
2015-07-10 03:46:43,63,comp2,unscheduled
2015-07-10 09:00:39,40,comp4,unscheduled
2015-07-10 09:38:12,89,comp2,unscheduled
2015-07-10 14:47:11,45,comp2,unscheduled
2015-07-10 23:12:59,59,comp3,unscheduled
2015-07-10 23:24:36,50,comp3,unscheduled
2015-07-11 07:35:39,81,comp4,unscheduled
2015-07-11 18:30:18,57,comp1,unscheduled
2015-07-11 23:16:13,43,comp4,unscheduled
2015-07-11 23:55:45,25,comp3,unscheduled
2015-07-12 08:47:51,64,comp1,unscheduled
2015-07-12 10:06:21,59,comp3,unscheduled
2015-07-12 21:50:01,73,comp1,unscheduled
2015-07-13 06:35:41,69,comp1,unscheduled
2015-07-13 13:11:46,61,comp1,unscheduled
2015-07-13 14:17:32,60,comp1,unscheduled
2015-07-14 08:44:19,57,comp4,unscheduled
2015-07-14 21:03:58,77,comp3,unscheduled
2015-07-15 01:41:34,64,comp4,unscheduled
2015-07-15 06:54:18,9,comp3,unscheduled
2015-07-15 16:07:01,88,comp3,unscheduled
2015-07-16 00:52:24,30,comp1,unscheduled
2015-07-16 06:45:13,14,comp2,unscheduled
2015-07-16 08:04:39,90,comp4,unscheduled
2015-07-16 11:53:46,40,comp1,unscheduled
2015-07-17 01:25:39,95,comp2,unscheduled
2015-07-17 04:27:29,61,comp4,unscheduled
2015-07-17 05:18:16,10,comp4,unscheduled
2015-07-17 09:08:54,61,comp3,unscheduled
2015-07-17 15:01:51,61,comp3,unscheduled
2015-07-17 20:00:18,20,comp3,unscheduled
2015-07-18 12:29:13,24,comp3,unscheduled
2015-07-18 14:48:30,20,comp1,unscheduled
2015-07-18 23:24:49,100,comp3,unscheduled
2015-07-19 20:23:04,59,comp2,unscheduled
2015-07-20 04:21:39,25,comp4,unscheduled
2015-07-20 15:18:53,44,comp3,unscheduled
2015-07-21 03:42:58,26,comp3,unscheduled
2015-07-21 08:12:19,60,comp4,unscheduled
2015-07-21 13:05:36,58,comp3,unscheduled
2015-07-21 22:00:31,22,comp2,unscheduled
2015-07-22 10:51:59,32,comp2,unscheduled
2015-07-22 12:16:39,89,comp2,unscheduled
2015-07-22 15:01:55,41,comp1,unscheduled
2015-07-22 22:43:44,51,comp3,unscheduled
2015-07-23 00:41:17,10,comp4,unscheduled
2015-07-23 17:58:12,49,comp3,unscheduled
2015-07-24 06:13:09,65,comp4,unscheduled
2015-07-24 07:28:21,86,comp3,unscheduled
2015-07-25 10:05:04,12,comp2,unscheduled
2015-07-26 00:27:25,98,comp4,unscheduled
2015-07-26 01:08:53,90,comp2,unscheduled
2015-07-26 03:54:09,77,comp3,unscheduled
2015-07-26 04:33:03,47,comp2,unscheduled
2015-07-26 06:30:28,28,comp3,unscheduled
2015-07-26 06:49:44,68,comp3,unscheduled
2015-07-26 21:32:44,40,comp2,unscheduled
2015-07-27 05:43:13,67,comp1,unscheduled
2015-07-27 10:23:35,36,comp1,unscheduled
2015-07-27 10:29:59,49,comp4,unscheduled
2015-07-28 05:53:34,20,comp4,unscheduled
2015-07-28 06:32:43,3,comp2,unscheduled
2015-07-28 09:12:59,77,comp3,unscheduled
2015-07-28 18:17:51,81,comp2,unscheduled
2015-07-28 19:06:57,11,comp3,unscheduled
2015-07-29 00:08:06,41,comp3,unscheduled
2015-07-29 00:34:45,35,comp1,unscheduled
2015-07-29 02:44:10,22,comp2,unscheduled
2015-07-29 03:56:05,63,comp1,unscheduled
2015-07-29 11:38:40,76,comp1,unscheduled
2015-07-29 11:44:59,38,comp4,unscheduled
2015-07-29 16:59:34,57,comp3,unscheduled
2015-07-29 18:35:01,32,comp3,unscheduled
2015-07-29 18:57:32,82,comp3,unscheduled
2015-07-29 19:10:22,86,comp1,unscheduled
2015-07-29 22:38:41,5,comp4,unscheduled
2015-07-30 02:38:05,67,comp4,unscheduled
2015-07-30 13:37:32,9,comp3,unscheduled
2015-07-30 17:30:08,33,comp3,unscheduled
2015-07-30 23:09:30,12,comp4,unscheduled
2015-07-31 01:08:07,63,comp4,unscheduled
2015-07-31 10:47:22,83,comp2,unscheduled
2015-07-31 11:41:21,53,comp1,unscheduled
2015-08-01 02:19:19,35,comp4,unscheduled
2015-08-01 06:39:50,71,comp2,unscheduled
2015-08-01 18:32:12,30,comp4,unscheduled
2015-08-01 23:03:08,90,comp2,unscheduled
2015-08-02 07:05:53,60,comp2,unscheduled
2015-08-02 15:16:19,59,comp1,unscheduled
2015-08-02 17:24:13,5,comp2,unscheduled
2015-08-02 17:59:32,47,comp4,unscheduled
2015-08-02 22:11:30,60,comp3,unscheduled
2015-08-03 02:09:46,61,comp3,unscheduled
2015-08-03 02:49:00,91,comp4,unscheduled
2015-08-03 06:02:03,15,comp2,unscheduled
2015-08-03 08:14:35,63,comp2,unscheduled
2015-08-03 08:56:26,51,comp1,unscheduled
2015-08-03 11:21:22,60,comp3,unscheduled
2015-08-03 13:54:25,16,comp2,unscheduled
2015-08-03 20:25:05,14,comp4,unscheduled
2015-08-03 21:40:45,49,comp1,unscheduled
2015-08-04 05:35:27,85,comp3,unscheduled
2015-08-04 07:29:55,23,comp4,unscheduled
2015-08-04 09:16:04,12,comp4,unscheduled
2015-08-04 14:37:02,45,comp3,unscheduled
2015-08-04 20:08:10,9,comp3,unscheduled
2015-08-04 20:20:52,44,comp3,unscheduled
2015-08-05 00:46:12,96,comp1,unscheduled
2015-08-05 05:11:26,96,comp2,unscheduled
2015-08-05 10:31:48,77,comp1,unscheduled
2015-08-05 11:23:54,27,comp4,unscheduled
2015-08-05 17:37:03,50,comp1,unscheduled
2015-08-06 10:29:33,18,comp4,unscheduled
2015-08-06 20:01:51,15,comp1,unscheduled
2015-08-06 20:34:45,96,comp3,unscheduled
2015-08-07 00:41:45,79,comp4,unscheduled
2015-08-07 03:16:06,94,comp2,unscheduled
2015-08-07 14:02:42,50,comp3,unscheduled
2015-08-07 15:28:51,11,comp4,unscheduled
2015-08-08 00:34:38,38,comp4,unscheduled
2015-08-08 04:30:52,36,comp1,unscheduled
2015-08-08 06:14:53,85,comp3,unscheduled
2015-08-08 12:17:48,10,comp3,unscheduled
2015-08-08 18:50:26,73,comp4,unscheduled
2015-08-08 18:52:25,40,comp4,unscheduled
2015-08-08 22:29:42,97,comp3,unscheduled
2015-08-09 10:21:19,99,comp1,unscheduled
2015-08-09 20:00:38,51,comp1,unscheduled
2015-08-10 00:26:43,23,comp4,unscheduled
2015-08-10 01:23:39,56,comp4,unscheduled
2015-08-10 05:45:34,10,comp1,unscheduled
2015-08-10 07:23:01,42,comp2,unscheduled
2015-08-11 01:32:25,63,comp2,unscheduled
2015-08-11 02:42:21,72,comp3,unscheduled
2015-08-11 22:39:58,50,comp1,unscheduled
2015-08-11 22:59:59,96,comp1,unscheduled
2015-08-12 05:38:07,72,comp1,unscheduled
2015-08-12 09:14:39,57,comp1,unscheduled
2015-08-12 13:38:30,25,comp4,unscheduled
2015-08-12 13:49:22,34,comp4,unscheduled
2015-08-12 14:48:52,39,comp4,unscheduled
2015-08-13 02:13:37,50,comp4,unscheduled
2015-08-13 10:35:27,95,comp2,unscheduled
2015-08-13 17:43:57,39,comp1,unscheduled
2015-08-13 19:55:00,10,comp3,unscheduled
2015-08-13 22:21:05,9,comp2,unscheduled
2015-08-14 02:01:09,75,comp2,unscheduled
2015-08-14 05:16:39,62,comp1,unscheduled
2015-08-14 05:50:59,24,comp2,unscheduled
2015-08-14 11:29:18,20,comp1,unscheduled
2015-08-14 20:29:27,46,comp1,unscheduled
2015-08-15 05:22:57,16,comp1,unscheduled
2015-08-15 16:13:12,10,comp2,unscheduled
2015-08-15 20:00:52,34,comp3,unscheduled
2015-08-15 20:55:47,9,comp3,unscheduled
2015-08-16 00:29:41,77,comp1,unscheduled
2015-08-16 07:40:03,58,comp1,unscheduled
2015-08-16 07:59:39,90,comp1,unscheduled
2015-08-16 17:29:11,85,comp2,unscheduled
2015-08-16 18:15:02,93,comp2,unscheduled
2015-08-16 22:39:21,62,comp3,unscheduled
2015-08-17 00:22:56,57,comp4,unscheduled
2015-08-17 02:24:31,82,comp2,unscheduled
2015-08-17 04:33:54,71,comp4,unscheduled
2015-08-17 13:27:06,51,comp4,unscheduled
2015-08-17 16:30:25,86,comp1,unscheduled
2015-08-17 23:20:53,49,comp2,unscheduled
2015-08-18 01:14:14,53,comp1,unscheduled
2015-08-18 04:52:49,64,comp1,unscheduled
2015-08-18 20:50:25,36,comp3,unscheduled
2015-08-18 22:45:07,39,comp3,unscheduled
2015-08-19 02:15:49,42,comp4,unscheduled
2015-08-19 13:22:06,88,comp1,unscheduled
2015-08-19 14:43:17,52,comp3,unscheduled
2015-08-19 21:19:12,10,comp3,unscheduled
2015-08-20 02:07:45,10,comp2,unscheduled
2015-08-20 06:01:04,29,comp2,unscheduled
2015-08-20 10:57:05,86,comp1,unscheduled
2015-08-20 12:18:17,50,comp4,unscheduled
2015-08-20 12:34:02,44,comp3,unscheduled
2015-08-20 13:12:30,99,comp2,unscheduled
2015-08-20 16:26:49,20,comp2,unscheduled
2015-08-20 18:29:34,49,comp4,unscheduled
2015-08-21 00:05:44,90,comp3,unscheduled
2015-08-21 06:06:20,57,comp4,unscheduled
2015-08-21 18:36:14,61,comp2,unscheduled
2015-08-22 04:13:39,95,comp2,unscheduled
2015-08-22 04:14:30,40,comp3,unscheduled
2015-08-23 06:43:17,35,comp4,unscheduled
2015-08-23 11:01:08,57,comp4,unscheduled
2015-08-23 21:25:21,14,comp3,unscheduled
2015-08-24 02:59:12,90,comp1,unscheduled
2015-08-24 07:19:45,39,comp2,unscheduled
2015-08-24 10:16:33,20,comp1,unscheduled
2015-08-24 11:17:24,50,comp4,unscheduled
2015-08-24 12:07:05,73,comp1,unscheduled
2015-08-24 14:29:44,24,comp1,unscheduled
2015-08-24 18:15:21,73,comp2,unscheduled
2015-08-24 18:21:30,99,comp4,unscheduled
2015-08-24 19:57:24,39,comp4,unscheduled
2015-08-25 05:44:34,89,comp3,unscheduled
2015-08-25 11:05:42,60,comp4,unscheduled
2015-08-25 12:14:38,96,comp2,unscheduled
2015-08-25 16:52:30,69,comp1,unscheduled
2015-08-25 18:10:18,51,comp1,unscheduled
2015-08-25 22:22:41,79,comp4,unscheduled
2015-08-26 00:42:13,42,comp3,unscheduled
2015-08-26 09:29:10,25,comp1,unscheduled
2015-08-26 13:14:59,12,comp2,unscheduled
2015-08-26 22:20:00,29,comp2,unscheduled
2015-08-27 06:55:02,96,comp1,unscheduled
2015-08-27 21:12:40,88,comp4,unscheduled
2015-08-28 01:00:53,23,comp4,unscheduled
2015-08-28 02:17:40,82,comp2,unscheduled
2015-08-28 04:43:09,41,comp2,unscheduled
2015-08-28 19:08:21,67,comp1,unscheduled
2015-08-28 22:40:09,99,comp1,unscheduled
2015-08-29 11:55:44,25,comp3,unscheduled
2015-08-29 13:03:14,10,comp3,unscheduled
2015-08-29 16:07:09,69,comp3,unscheduled
2015-08-30 00:59:04,18,comp1,unscheduled
2015-08-30 03:07:30,73,comp4,unscheduled
2015-08-30 04:23:39,51,comp4,unscheduled
2015-08-30 05:37:25,11,comp1,unscheduled
2015-08-30 07:16:05,38,comp4,unscheduled
2015-08-30 10:53:09,96,comp4,unscheduled
2015-08-30 15:51:18,36,comp3,unscheduled
2015-08-30 19:22:05,60,comp1,unscheduled
2015-08-31 00:13:45,22,comp3,unscheduled
2015-08-31 17:57:46,53,comp2,unscheduled
2015-08-31 21:13:55,60,comp2,unscheduled
2015-08-31 22:13:21,51,comp2,unscheduled
2015-09-01 09:43:07,32,comp1,unscheduled
2015-09-01 10:11:30,67,comp2,unscheduled
2015-09-01 14:19:22,39,comp1,unscheduled
2015-09-01 23:41:48,74,comp3,unscheduled
2015-09-02 10:51:33,50,comp3,unscheduled
2015-09-02 13:50:19,25,comp1,unscheduled
2015-09-02 16:13:59,60,comp2,unscheduled
2015-09-03 02:50:49,67,comp4,unscheduled
2015-09-03 19:26:10,25,comp3,unscheduled
2015-09-03 20:42:09,90,comp3,unscheduled
2015-09-04 02:57:28,68,comp4,unscheduled
2015-09-04 07:31:34,14,comp3,unscheduled
2015-09-04 07:57:34,14,comp1,unscheduled
2015-09-04 18:23:37,80,comp4,unscheduled
2015-09-05 05:42:31,73,comp1,unscheduled
2015-09-05 17:22:33,49,comp1,unscheduled
2015-09-05 17:42:07,70,comp1,unscheduled
2015-09-06 08:30:21,84,comp4,unscheduled
2015-09-07 03:02:35,20,comp3,unscheduled
2015-09-07 05:07:08,84,comp1,unscheduled
2015-09-07 14:23:25,96,comp4,unscheduled
2015-09-07 14:51:39,36,comp4,unscheduled
2015-09-07 20:22:11,89,comp1,unscheduled
2015-09-08 10:13:17,83,comp4,unscheduled
2015-09-08 20:15:04,45,comp1,unscheduled
2015-09-08 22:49:54,2,comp2,unscheduled
2015-09-09 11:32:26,40,comp4,unscheduled
2015-09-09 13:05:30,61,comp1,unscheduled
2015-09-10 03:21:00,80,comp2,unscheduled
2015-09-10 08:54:59,67,comp3,unscheduled
2015-09-10 11:46:55,38,comp1,unscheduled
2015-09-10 14:42:09,41,comp3,unscheduled
2015-09-11 00:30:30,58,comp2,unscheduled
2015-09-11 02:47:37,38,comp3,unscheduled
2015-09-11 05:15:27,64,comp1,unscheduled
2015-09-11 06:25:51,5,comp1,unscheduled
2015-09-11 18:38:47,2,comp2,unscheduled
2015-09-11 23:30:03,12,comp4,unscheduled
2015-09-12 06:17:55,24,comp3,unscheduled
2015-09-12 06:22:01,90,comp2,unscheduled
2015-09-12 07:00:15,65,comp2,unscheduled
2015-09-12 08:18:52,82,comp4,unscheduled
2015-09-13 01:13:33,95,comp2,unscheduled
2015-09-13 06:53:45,97,comp4,unscheduled
2015-09-13 07:09:43,10,comp3,unscheduled
2015-09-13 09:50:20,59,comp2,unscheduled
2015-09-13 21:25:18,89,comp4,unscheduled
2015-09-13 22:09:51,1,comp1,unscheduled
2015-09-14 00:01:02,74,comp1,unscheduled
2015-09-14 07:57:18,20,comp4,unscheduled
2015-09-14 11:38:11,51,comp2,unscheduled
2015-09-14 17:30:13,86,comp4,unscheduled
2015-09-14 18:40:21,53,comp3,unscheduled
2015-09-14 21:49:32,40,comp3,unscheduled
2015-09-15 01:05:15,9,comp3,unscheduled
2015-09-15 01:42:56,99,comp4,unscheduled
2015-09-15 07:43:34,59,comp4,unscheduled
2015-09-15 09:27:08,84,comp1,unscheduled
2015-09-15 11:36:20,36,comp3,unscheduled
2015-09-15 15:13:09,22,comp1,unscheduled
2015-09-15 15:13:51,12,comp2,unscheduled
2015-09-15 18:01:41,64,comp4,unscheduled
2015-09-15 19:33:58,25,comp2,unscheduled
2015-09-15 20:33:21,46,comp3,unscheduled
2015-09-15 23:08:38,22,comp4,unscheduled
2015-09-16 05:35:29,23,comp2,unscheduled
2015-09-16 07:15:16,91,comp1,unscheduled
2015-09-16 23:24:21,70,comp4,unscheduled
2015-09-16 23:53:32,23,comp2,unscheduled
2015-09-17 00:16:11,17,comp2,unscheduled
2015-09-17 06:16:31,28,comp1,unscheduled
2015-09-17 08:56:10,12,comp2,unscheduled
2015-09-17 11:58:04,42,comp1,unscheduled
2015-09-17 18:21:14,36,comp3,unscheduled
2015-09-17 23:48:31,38,comp3,unscheduled
2015-09-18 02:17:54,10,comp2,unscheduled
2015-09-18 03:59:13,19,comp1,unscheduled
2015-09-18 04:58:34,94,comp3,unscheduled
2015-09-18 06:05:49,59,comp2,unscheduled
2015-09-18 10:42:38,22,comp4,unscheduled
2015-09-18 20:36:23,10,comp4,unscheduled
2015-09-19 02:07:06,57,comp1,unscheduled
2015-09-19 02:40:13,77,comp2,unscheduled
2015-09-19 06:54:36,25,comp3,unscheduled
2015-09-19 07:12:54,77,comp3,unscheduled
2015-09-19 12:12:44,2,comp2,unscheduled
2015-09-19 17:50:37,99,comp4,unscheduled
2015-09-19 20:54:58,57,comp4,unscheduled
2015-09-19 21:28:02,67,comp4,unscheduled
2015-09-19 21:55:17,77,comp1,unscheduled
2015-09-20 01:55:57,78,comp4,unscheduled
2015-09-20 03:14:20,96,comp3,unscheduled
2015-09-20 05:26:13,10,comp3,unscheduled
2015-09-20 09:18:08,24,comp1,unscheduled
2015-09-20 15:47:38,77,comp4,unscheduled
2015-09-21 01:03:38,23,comp3,unscheduled
2015-09-21 01:20:03,39,comp1,unscheduled
2015-09-21 03:47:28,71,comp4,unscheduled
2015-09-21 05:13:21,73,comp4,unscheduled
2015-09-21 09:26:56,100,comp1,unscheduled
2015-09-21 18:03:40,36,comp4,unscheduled
2015-09-21 21:34:04,20,comp2,unscheduled
2015-09-22 10:01:45,74,comp4,unscheduled
2015-09-22 18:50:24,69,comp3,unscheduled
2015-09-22 21:19:20,17,comp3,unscheduled
2015-09-23 07:16:32,69,comp3,unscheduled
2015-09-23 19:03:58,67,comp1,unscheduled
2015-09-24 07:00:11,83,comp2,unscheduled
2015-09-24 08:06:52,73,comp4,unscheduled
2015-09-24 10:53:31,89,comp4,unscheduled
2015-09-24 14:11:14,50,comp4,unscheduled
2015-09-24 17:38:09,91,comp4,unscheduled
2015-09-24 17:58:21,22,comp2,unscheduled
2015-09-24 22:53:30,52,comp2,unscheduled
2015-09-24 23:56:15,14,comp1,unscheduled
2015-09-25 01:06:19,26,comp1,unscheduled
2015-09-25 10:56:38,56,comp1,unscheduled
2015-09-26 00:47:26,49,comp2,unscheduled
2015-09-26 01:52:55,83,comp2,unscheduled
2015-09-26 02:11:17,72,comp3,unscheduled
2015-09-26 04:56:44,45,comp1,unscheduled
2015-09-26 04:59:34,39,comp1,unscheduled
2015-09-26 08:46:10,15,comp4,unscheduled
2015-09-26 15:55:25,46,comp4,unscheduled
2015-09-27 07:37:11,97,comp1,unscheduled
2015-09-27 09:30:26,59,comp3,unscheduled
2015-09-27 12:33:34,68,comp3,unscheduled
2015-09-28 02:44:38,34,comp1,unscheduled
2015-09-28 06:22:04,26,comp4,unscheduled
2015-09-28 10:29:31,25,comp1,unscheduled
2015-09-28 11:42:04,82,comp1,unscheduled
2015-09-28 12:42:12,9,comp1,unscheduled
2015-09-28 18:18:35,39,comp3,unscheduled
2015-09-28 18:27:12,23,comp2,unscheduled
2015-09-28 20:24:04,49,comp1,unscheduled
2015-09-28 21:09:23,63,comp2,unscheduled
2015-09-29 04:09:43,60,comp3,unscheduled
2015-09-29 13:45:12,72,comp3,unscheduled
2015-09-29 17:59:26,56,comp2,unscheduled
2015-09-30 06:30:46,80,comp3,unscheduled
2015-09-30 07:30:22,44,comp2,unscheduled
2015-09-30 08:23:11,19,comp1,unscheduled
2015-09-30 13:03:29,90,comp3,unscheduled
2015-09-30 21:37:38,97,comp1,unscheduled
2015-10-01 00:19:08,52,comp2,unscheduled
2015-10-01 05:28:02,12,comp1,unscheduled
2015-10-01 06:00:00,2,comp2,scheduled
2015-10-01 06:00:00,15,comp2,scheduled
2015-10-01 06:00:00,16,comp3,scheduled
2015-10-01 06:00:00,17,comp1,scheduled
2015-10-01 06:00:00,19,comp1,scheduled
2015-10-01 06:00:00,20,comp1,scheduled
2015-10-01 06:00:00,28,comp1,scheduled
2015-10-01 06:00:00,31,comp1,scheduled
2015-10-01 06:00:00,37,comp4,scheduled
2015-10-01 06:00:00,38,comp4,scheduled
2015-10-01 06:00:00,39,comp1,scheduled
2015-10-01 06:00:00,45,comp4,scheduled
2015-10-01 06:00:00,60,comp2,scheduled
2015-10-01 06:00:00,63,comp1,scheduled
2015-10-01 06:00:00,64,comp1,scheduled
2015-10-01 06:00:00,74,comp1,scheduled
2015-10-01 06:00:00,76,comp4,scheduled
2015-10-01 06:00:00,77,comp1,scheduled
2015-10-01 06:00:00,80,comp1,scheduled
2015-10-01 06:00:00,83,comp1,scheduled
2015-10-01 06:00:00,86,comp2,scheduled
2015-10-01 06:00:00,88,comp2,scheduled
2015-10-01 06:00:00,89,comp4,scheduled
2015-10-01 06:00:00,98,comp1,scheduled
2015-10-01 07:00:00,1,comp4,scheduled
2015-10-01 07:00:00,4,comp4,scheduled
2015-10-01 07:00:00,6,comp4,scheduled
2015-10-01 07:00:00,10,comp3,scheduled
2015-10-01 07:00:00,25,comp4,scheduled
2015-10-01 07:00:00,26,comp2,scheduled
2015-10-01 07:00:00,36,comp2,scheduled
2015-10-01 07:00:00,44,comp1,scheduled
2015-10-01 07:00:00,49,comp3,scheduled
2015-10-01 07:00:00,82,comp4,scheduled
2015-10-01 07:00:00,93,comp1,scheduled
2015-10-01 07:00:00,94,comp3,scheduled
2015-10-01 07:00:00,97,comp2,scheduled
2015-10-01 08:00:00,3,comp4,scheduled
2015-10-01 08:00:00,8,comp2,scheduled
2015-10-01 08:00:00,9,comp4,scheduled
2015-10-01 08:00:00,12,comp2,scheduled
2015-10-01 08:00:00,13,comp1,scheduled
2015-10-01 08:00:00,21,comp3,scheduled
2015-10-01 08:00:00,23,comp4,scheduled
2015-10-01 08:00:00,30,comp1,scheduled
2015-10-01 08:00:00,32,comp1,scheduled
2015-10-01 08:00:00,41,comp4,scheduled
2015-10-01 08:00:00,43,comp4,scheduled
2015-10-01 08:00:00,48,comp4,scheduled
2015-10-01 08:00:00,50,comp3,scheduled
2015-10-01 08:00:00,54,comp3,scheduled
2015-10-01 08:00:00,57,comp3,scheduled
2015-10-01 08:00:00,62,comp2,scheduled
2015-10-01 08:00:00,67,comp2,scheduled
2015-10-01 08:00:00,71,comp4,scheduled
2015-10-01 08:00:00,73,comp3,scheduled
2015-10-01 08:00:00,75,comp2,scheduled
2015-10-01 08:00:00,81,comp4,scheduled
2015-10-01 08:00:00,84,comp2,scheduled
2015-10-01 08:00:00,96,comp4,scheduled
2015-10-01 08:00:00,99,comp1,scheduled
2015-10-01 08:44:16,68,comp2,unscheduled
2015-10-01 09:00:00,11,comp1,scheduled
2015-10-01 09:00:00,14,comp1,scheduled
2015-10-01 09:00:00,18,comp2,scheduled
2015-10-01 09:00:00,24,comp2,scheduled
2015-10-01 09:00:00,27,comp1,scheduled
2015-10-01 09:00:00,35,comp3,scheduled
2015-10-01 09:00:00,47,comp1,scheduled
2015-10-01 09:00:00,51,comp4,scheduled
2015-10-01 09:00:00,55,comp2,scheduled
2015-10-01 09:00:00,56,comp2,scheduled
2015-10-01 09:00:00,59,comp3,scheduled
2015-10-01 09:00:00,72,comp3,scheduled
2015-10-01 09:00:00,79,comp2,scheduled
2015-10-01 09:00:00,85,comp1,scheduled
2015-10-01 09:00:00,90,comp2,scheduled
2015-10-01 09:00:00,91,comp1,scheduled
2015-10-01 10:00:00,5,comp2,scheduled
2015-10-01 10:00:00,7,comp1,scheduled
2015-10-01 10:00:00,22,comp1,scheduled
2015-10-01 10:00:00,29,comp4,scheduled
2015-10-01 10:00:00,33,comp4,scheduled
2015-10-01 10:00:00,34,comp1,scheduled
2015-10-01 10:00:00,40,comp2,scheduled
2015-10-01 10:00:00,42,comp4,scheduled
2015-10-01 10:00:00,46,comp1,scheduled
2015-10-01 10:00:00,52,comp3,scheduled
2015-10-01 10:00:00,53,comp1,scheduled
2015-10-01 10:00:00,58,comp2,scheduled
2015-10-01 10:00:00,61,comp1,scheduled
2015-10-01 10:00:00,65,comp1,scheduled
2015-10-01 10:00:00,66,comp1,scheduled
2015-10-01 10:00:00,68,comp2,scheduled
2015-10-01 10:00:00,69,comp1,scheduled
2015-10-01 10:00:00,70,comp3,scheduled
2015-10-01 10:00:00,78,comp4,scheduled
2015-10-01 10:00:00,87,comp1,scheduled
2015-10-01 10:00:00,92,comp4,scheduled
2015-10-01 10:00:00,95,comp2,scheduled
2015-10-01 10:00:00,100,comp1,scheduled
2015-10-01 21:12:00,64,comp2,unscheduled
2015-10-01 22:54:46,61,comp4,unscheduled
2015-10-02 01:17:50,15,comp1,unscheduled
2015-10-02 08:18:13,33,comp1,unscheduled
2015-10-02 13:18:21,52,comp2,unscheduled
2015-10-02 16:35:39,41,comp4,unscheduled
2015-10-02 23:12:38,49,comp4,unscheduled
2015-10-03 06:21:27,21,comp4,unscheduled
2015-10-03 15:39:19,60,comp4,unscheduled
2015-10-04 10:51:07,45,comp4,unscheduled
2015-10-04 13:44:42,90,comp2,unscheduled
2015-10-04 16:03:41,89,comp2,unscheduled
2015-10-05 02:43:12,32,comp3,unscheduled
2015-10-05 16:25:12,39,comp3,unscheduled
2015-10-06 03:23:29,10,comp2,unscheduled
2015-10-06 07:13:37,61,comp4,unscheduled
2015-10-06 16:37:49,14,comp3,unscheduled
2015-10-06 23:28:09,25,comp4,unscheduled
2015-10-06 23:34:28,39,comp3,unscheduled
2015-10-07 00:03:01,9,comp4,unscheduled
2015-10-07 02:55:54,67,comp1,unscheduled
2015-10-07 09:34:24,22,comp2,unscheduled
2015-10-07 12:35:45,22,comp1,unscheduled
2015-10-07 15:34:56,45,comp4,unscheduled
2015-10-07 22:42:53,91,comp2,unscheduled
2015-10-08 00:46:21,95,comp4,unscheduled
2015-10-08 02:51:26,48,comp4,unscheduled
2015-10-08 05:45:42,98,comp4,unscheduled
2015-10-08 13:39:52,65,comp2,unscheduled
2015-10-09 05:51:34,36,comp2,unscheduled
2015-10-09 06:11:20,77,comp3,unscheduled
2015-10-09 09:37:18,49,comp2,unscheduled
2015-10-10 04:23:41,82,comp3,unscheduled
2015-10-10 10:23:45,88,comp2,unscheduled
2015-10-10 19:26:33,2,comp4,unscheduled
2015-10-10 22:31:55,20,comp4,unscheduled
2015-10-11 03:28:46,2,comp1,unscheduled
2015-10-11 08:28:53,91,comp1,unscheduled
2015-10-11 16:48:10,9,comp4,unscheduled
2015-10-11 21:39:29,42,comp3,unscheduled
2015-10-12 10:05:16,75,comp4,unscheduled
2015-10-12 23:28:04,41,comp2,unscheduled
2015-10-13 06:21:08,57,comp1,unscheduled
2015-10-13 07:17:08,35,comp3,unscheduled
2015-10-13 11:13:58,19,comp3,unscheduled
2015-10-13 17:34:03,9,comp2,unscheduled
2015-10-13 19:39:28,24,comp1,unscheduled
2015-10-14 01:16:42,19,comp3,unscheduled
2015-10-14 05:41:21,22,comp3,unscheduled
2015-10-14 20:17:39,49,comp2,unscheduled
2015-10-15 10:07:56,51,comp3,unscheduled
2015-10-15 20:46:22,15,comp2,unscheduled
2015-10-16 01:18:48,86,comp1,unscheduled
2015-10-16 03:28:33,22,comp4,unscheduled
2015-10-16 06:26:55,82,comp2,unscheduled
2015-10-16 07:49:30,14,comp1,unscheduled
2015-10-16 14:34:04,82,comp4,unscheduled
2015-10-17 04:48:59,73,comp2,unscheduled
2015-10-17 09:30:28,73,comp4,unscheduled
2015-10-17 14:06:14,86,comp1,unscheduled
2015-10-17 16:37:19,47,comp2,unscheduled
2015-10-17 18:15:56,98,comp3,unscheduled
2015-10-17 19:57:02,61,comp2,unscheduled
2015-10-17 22:26:14,77,comp3,unscheduled
2015-10-18 00:22:01,67,comp2,unscheduled
2015-10-18 07:01:35,75,comp2,unscheduled
2015-10-18 07:21:03,35,comp2,unscheduled
2015-10-18 11:10:20,39,comp1,unscheduled
2015-10-18 11:38:15,9,comp3,unscheduled
2015-10-18 13:07:10,23,comp4,unscheduled
2015-10-18 21:17:38,77,comp1,unscheduled
2015-10-18 21:24:43,38,comp1,unscheduled
2015-10-19 01:38:15,18,comp3,unscheduled
2015-10-19 09:09:21,95,comp2,unscheduled
2015-10-19 10:56:45,42,comp4,unscheduled
2015-10-19 15:29:46,26,comp4,unscheduled
2015-10-19 17:06:53,25,comp3,unscheduled
2015-10-19 23:04:03,31,comp3,unscheduled
2015-10-19 23:53:05,11,comp1,unscheduled
2015-10-20 01:14:22,37,comp1,unscheduled
2015-10-20 14:53:49,34,comp2,unscheduled
2015-10-20 21:12:04,77,comp2,unscheduled
2015-10-20 21:57:46,38,comp2,unscheduled
2015-10-20 23:51:07,99,comp2,unscheduled
2015-10-21 07:26:25,29,comp3,unscheduled
2015-10-21 10:29:27,73,comp2,unscheduled
2015-10-21 16:56:11,58,comp1,unscheduled
2015-10-21 18:33:40,60,comp1,unscheduled
2015-10-22 10:36:24,45,comp1,unscheduled
2015-10-22 22:08:16,67,comp2,unscheduled
2015-10-23 03:37:30,60,comp4,unscheduled
2015-10-23 05:39:04,49,comp4,unscheduled
2015-10-23 07:09:33,68,comp2,unscheduled
2015-10-23 08:22:17,59,comp2,unscheduled
2015-10-24 00:07:19,49,comp4,unscheduled
2015-10-24 02:10:18,97,comp3,unscheduled
2015-10-24 03:59:58,96,comp4,unscheduled
2015-10-24 05:13:30,51,comp3,unscheduled
2015-10-24 06:29:19,63,comp1,unscheduled
2015-10-24 08:41:29,58,comp4,unscheduled
2015-10-24 21:07:45,50,comp3,unscheduled
2015-10-25 00:05:00,57,comp1,unscheduled
2015-10-25 03:47:01,85,comp3,unscheduled
2015-10-25 07:51:31,34,comp1,unscheduled
2015-10-25 09:54:03,32,comp4,unscheduled
2015-10-25 20:00:30,39,comp4,unscheduled
2015-10-26 00:59:22,96,comp1,unscheduled
2015-10-26 10:50:23,25,comp2,unscheduled
2015-10-26 15:15:07,91,comp4,unscheduled
2015-10-27 01:21:02,26,comp2,unscheduled
2015-10-27 11:21:07,14,comp1,unscheduled
2015-10-28 00:02:37,39,comp3,unscheduled
2015-10-28 00:40:06,59,comp1,unscheduled
2015-10-28 01:51:15,61,comp4,unscheduled
2015-10-28 07:55:36,20,comp3,unscheduled
2015-10-29 04:35:54,63,comp3,unscheduled
2015-10-29 05:59:16,51,comp1,unscheduled
2015-10-29 06:25:47,73,comp1,unscheduled
2015-10-30 00:27:17,32,comp3,unscheduled
2015-10-30 01:32:44,39,comp1,unscheduled
2015-10-30 03:38:39,87,comp1,unscheduled
2015-10-30 06:23:24,73,comp1,unscheduled
2015-10-30 07:24:14,26,comp3,unscheduled
2015-10-31 09:37:11,38,comp1,unscheduled
2015-10-31 20:22:14,19,comp1,unscheduled
2015-10-31 22:41:24,40,comp2,unscheduled
2015-11-01 04:12:16,88,comp2,unscheduled
2015-11-01 05:27:31,9,comp1,unscheduled
2015-11-01 12:04:03,8,comp2,unscheduled
2015-11-01 21:56:09,8,comp3,unscheduled
2015-11-02 03:48:11,24,comp4,unscheduled
2015-11-02 10:02:30,20,comp3,unscheduled
2015-11-02 13:27:25,85,comp1,unscheduled
2015-11-02 15:10:03,85,comp3,unscheduled
2015-11-02 18:51:44,19,comp2,unscheduled
2015-11-02 22:03:30,61,comp2,unscheduled
2015-11-03 04:42:52,86,comp1,unscheduled
2015-11-03 06:22:56,75,comp2,unscheduled
2015-11-03 06:41:33,86,comp1,unscheduled
2015-11-03 19:11:26,86,comp4,unscheduled
2015-11-03 19:23:28,61,comp2,unscheduled
2015-11-04 01:41:24,77,comp1,unscheduled
2015-11-04 02:14:19,50,comp3,unscheduled
2015-11-04 17:38:39,64,comp3,unscheduled
2015-11-04 18:49:00,69,comp2,unscheduled
2015-11-04 19:50:01,55,comp4,unscheduled
2015-11-04 22:40:12,45,comp3,unscheduled
2015-11-05 00:11:28,90,comp3,unscheduled
2015-11-05 06:09:00,24,comp1,unscheduled
2015-11-05 21:09:26,20,comp2,unscheduled
2015-11-06 03:29:18,24,comp2,unscheduled
2015-11-06 04:35:41,68,comp2,unscheduled
2015-11-06 05:22:31,40,comp3,unscheduled
2015-11-06 20:20:11,43,comp4,unscheduled
2015-11-06 23:13:32,36,comp2,unscheduled
2015-11-07 02:41:17,86,comp2,unscheduled
2015-11-07 05:54:57,73,comp4,unscheduled
2015-11-07 10:08:38,60,comp1,unscheduled
2015-11-07 15:18:42,35,comp1,unscheduled
2015-11-07 15:29:14,18,comp4,unscheduled
2015-11-07 22:03:46,2,comp3,unscheduled
2015-11-08 05:44:38,28,comp1,unscheduled
2015-11-08 10:32:51,73,comp4,unscheduled
2015-11-08 13:22:24,19,comp2,unscheduled
2015-11-09 04:56:38,53,comp4,unscheduled
2015-11-09 06:50:49,26,comp3,unscheduled
2015-11-09 07:59:26,77,comp4,unscheduled
2015-11-09 11:18:01,77,comp4,unscheduled
2015-11-09 11:43:25,70,comp1,unscheduled
2015-11-09 20:03:53,40,comp1,unscheduled
2015-11-10 05:01:03,77,comp2,unscheduled
2015-11-10 05:13:34,22,comp1,unscheduled
2015-11-10 05:42:39,25,comp4,unscheduled
2015-11-10 10:43:00,12,comp4,unscheduled
2015-11-10 11:50:54,96,comp2,unscheduled
2015-11-10 19:18:47,5,comp1,unscheduled
2015-11-10 20:57:45,41,comp1,unscheduled
2015-11-11 20:43:52,19,comp2,unscheduled
2015-11-11 20:56:24,18,comp1,unscheduled
2015-11-12 00:23:31,50,comp1,unscheduled
2015-11-12 02:52:44,64,comp4,unscheduled
2015-11-12 06:14:17,92,comp3,unscheduled
2015-11-12 18:12:10,85,comp1,unscheduled
2015-11-12 22:59:06,59,comp3,unscheduled
2015-11-13 12:24:40,29,comp3,unscheduled
2015-11-14 03:08:19,19,comp3,unscheduled
2015-11-14 07:57:45,12,comp2,unscheduled
2015-11-14 20:15:34,25,comp4,unscheduled
2015-11-14 20:17:28,96,comp1,unscheduled
2015-11-15 04:26:25,39,comp3,unscheduled
2015-11-15 15:57:12,20,comp3,unscheduled
2015-11-15 16:04:31,61,comp3,unscheduled
2015-11-15 17:55:17,64,comp1,unscheduled
2015-11-16 00:12:03,57,comp4,unscheduled
2015-11-16 06:40:23,50,comp4,unscheduled
2015-11-16 08:40:46,40,comp4,unscheduled
2015-11-16 22:53:18,80,comp3,unscheduled
2015-11-17 02:01:03,84,comp3,unscheduled
2015-11-17 02:28:35,56,comp3,unscheduled
2015-11-17 06:39:58,77,comp3,unscheduled
2015-11-17 08:52:43,59,comp1,unscheduled
2015-11-17 16:24:15,42,comp1,unscheduled
2015-11-18 00:45:39,54,comp1,unscheduled
2015-11-18 08:06:22,91,comp4,unscheduled
2015-11-18 20:06:43,41,comp3,unscheduled
2015-11-19 02:05:04,14,comp1,unscheduled
2015-11-19 03:08:05,97,comp3,unscheduled
2015-11-19 06:27:46,85,comp1,unscheduled
2015-11-19 08:30:38,72,comp3,unscheduled
2015-11-19 12:33:57,77,comp2,unscheduled
2015-11-19 13:27:56,30,comp4,unscheduled
2015-11-19 13:29:19,39,comp4,unscheduled
2015-11-19 14:58:27,42,comp4,unscheduled
2015-11-20 00:40:33,91,comp1,unscheduled
2015-11-20 02:05:46,37,comp3,unscheduled
2015-11-20 04:08:11,61,comp1,unscheduled
2015-11-20 08:39:31,49,comp2,unscheduled
2015-11-20 10:37:16,73,comp2,unscheduled
2015-11-20 11:06:30,33,comp2,unscheduled
2015-11-20 18:34:57,82,comp1,unscheduled
2015-11-20 18:52:54,24,comp1,unscheduled
2015-11-20 19:03:58,12,comp2,unscheduled
2015-11-21 02:59:21,16,comp2,unscheduled
2015-11-21 04:11:27,61,comp3,unscheduled
2015-11-21 15:41:56,57,comp3,unscheduled
2015-11-21 16:20:30,5,comp1,unscheduled
2015-11-22 05:50:28,62,comp2,unscheduled
2015-11-22 13:52:05,74,comp4,unscheduled
2015-11-22 22:10:47,38,comp1,unscheduled
2015-11-23 04:05:22,31,comp1,unscheduled
2015-11-23 10:04:50,36,comp2,unscheduled
2015-11-24 15:29:31,20,comp3,unscheduled
2015-11-25 05:25:01,96,comp4,unscheduled
2015-11-25 06:48:13,72,comp3,unscheduled
2015-11-25 10:54:35,77,comp3,unscheduled
2015-11-25 14:15:29,14,comp1,unscheduled
2015-11-26 01:10:26,95,comp3,unscheduled
2015-11-26 01:23:41,89,comp4,unscheduled
2015-11-26 08:04:31,22,comp1,unscheduled
2015-11-26 08:14:31,84,comp2,unscheduled
2015-11-26 11:04:04,27,comp4,unscheduled
2015-11-26 22:37:07,40,comp4,unscheduled
2015-11-27 00:07:45,25,comp2,unscheduled
2015-11-27 11:27:19,43,comp1,unscheduled
2015-11-27 15:05:15,10,comp2,unscheduled
2015-11-27 18:32:31,42,comp3,unscheduled
2015-11-27 19:01:40,67,comp2,unscheduled
2015-11-28 00:23:49,67,comp1,unscheduled
2015-11-28 04:36:15,90,comp2,unscheduled
2015-11-28 05:43:25,14,comp3,unscheduled
2015-11-28 09:39:46,72,comp3,unscheduled
2015-11-28 10:42:41,34,comp4,unscheduled
2015-11-28 19:42:02,61,comp2,unscheduled
2015-11-29 05:22:25,83,comp1,unscheduled
2015-11-29 10:11:22,5,comp1,unscheduled
2015-11-29 10:37:09,63,comp2,unscheduled
2015-11-29 17:19:16,34,comp2,unscheduled
2015-11-30 02:39:06,59,comp2,unscheduled
2015-11-30 08:55:29,86,comp3,unscheduled
2015-11-30 10:40:08,19,comp1,unscheduled
2015-11-30 17:38:58,67,comp1,unscheduled
2015-11-30 20:06:55,52,comp3,unscheduled
2015-12-01 01:05:29,77,comp1,unscheduled
2015-12-01 01:20:03,51,comp3,unscheduled
2015-12-01 03:53:14,26,comp1,unscheduled
2015-12-01 04:35:54,57,comp2,unscheduled
2015-12-01 06:19:46,17,comp1,unscheduled
2015-12-01 12:21:19,5,comp3,unscheduled
2015-12-01 13:42:52,31,comp1,unscheduled
2015-12-01 15:22:12,2,comp4,unscheduled
2015-12-01 15:50:24,50,comp1,unscheduled
2015-12-01 16:44:13,10,comp4,unscheduled
2015-12-02 13:18:53,61,comp2,unscheduled
2015-12-02 13:39:37,19,comp3,unscheduled
2015-12-02 16:21:12,20,comp2,unscheduled
2015-12-02 18:42:33,18,comp1,unscheduled
2015-12-02 19:07:32,7,comp1,unscheduled
2015-12-02 21:33:03,59,comp4,unscheduled
2015-12-02 23:00:45,73,comp4,unscheduled
2015-12-03 00:48:47,63,comp1,unscheduled
2015-12-03 02:58:23,91,comp3,unscheduled
2015-12-03 11:52:46,86,comp3,unscheduled
2015-12-03 15:38:24,36,comp3,unscheduled
2015-12-04 03:12:18,95,comp3,unscheduled
2015-12-04 06:38:42,49,comp3,unscheduled
2015-12-04 17:16:30,63,comp1,unscheduled
2015-12-04 18:08:56,85,comp2,unscheduled
2015-12-04 18:11:40,64,comp2,unscheduled
2015-12-04 19:42:29,97,comp1,unscheduled
2015-12-05 00:41:15,77,comp4,unscheduled
2015-12-05 04:48:48,69,comp3,unscheduled
2015-12-05 05:41:01,65,comp1,unscheduled
2015-12-05 09:19:09,20,comp2,unscheduled
2015-12-05 17:11:01,19,comp3,unscheduled
2015-12-05 19:11:56,67,comp2,unscheduled
2015-12-05 21:01:40,68,comp3,unscheduled
2015-12-05 22:20:15,50,comp2,unscheduled
2015-12-06 06:36:39,94,comp2,unscheduled
2015-12-06 12:02:41,64,comp1,unscheduled
2015-12-06 14:47:59,4,comp4,unscheduled
2015-12-06 16:54:48,18,comp4,unscheduled
2015-12-07 09:12:17,76,comp3,unscheduled
2015-12-07 14:35:25,20,comp2,unscheduled
2015-12-08 11:23:33,12,comp4,unscheduled
2015-12-08 11:54:53,61,comp4,unscheduled
2015-12-08 14:50:20,37,comp2,unscheduled
2015-12-08 19:11:42,44,comp2,unscheduled
2015-12-09 00:18:54,34,comp4,unscheduled
2015-12-09 02:05:07,60,comp3,unscheduled
2015-12-09 02:14:57,12,comp1,unscheduled
2015-12-09 09:23:53,42,comp3,unscheduled
2015-12-09 23:08:53,15,comp2,unscheduled
2015-12-10 01:20:45,99,comp2,unscheduled
2015-12-10 08:43:57,18,comp4,unscheduled
2015-12-10 20:39:16,82,comp4,unscheduled
2015-12-10 21:08:02,26,comp2,unscheduled
2015-12-11 03:23:40,25,comp3,unscheduled
2015-12-11 13:51:22,81,comp3,unscheduled
2015-12-11 15:31:40,67,comp2,unscheduled
2015-12-11 21:36:29,91,comp4,unscheduled
2015-12-12 10:01:19,57,comp1,unscheduled
2015-12-12 18:04:45,10,comp4,unscheduled
2015-12-13 04:41:30,29,comp4,unscheduled
2015-12-13 06:42:05,34,comp3,unscheduled
2015-12-13 16:11:33,26,comp3,unscheduled
2015-12-13 19:36:48,32,comp2,unscheduled
2015-12-15 10:35:08,30,comp3,unscheduled
2015-12-16 02:26:05,70,comp3,unscheduled
2015-12-16 02:35:05,17,comp4,unscheduled
2015-12-16 03:06:53,16,comp1,unscheduled
2015-12-16 05:46:25,89,comp3,unscheduled
2015-12-16 13:02:40,22,comp3,unscheduled
2015-12-16 17:33:27,86,comp2,unscheduled
2015-12-16 23:36:50,24,comp4,unscheduled
2015-12-17 04:25:04,83,comp3,unscheduled
2015-12-17 11:22:37,7,comp3,unscheduled
2015-12-17 14:45:27,23,comp1,unscheduled
2015-12-17 15:57:48,73,comp1,unscheduled
2015-12-17 20:19:58,74,comp4,unscheduled
2015-12-17 20:31:21,68,comp2,unscheduled
2015-12-18 01:13:29,15,comp1,unscheduled
2015-12-18 03:20:17,73,comp4,unscheduled
2015-12-18 14:20:51,14,comp2,unscheduled
2015-12-19 04:29:55,30,comp3,unscheduled
2015-12-19 05:11:22,36,comp1,unscheduled
2015-12-19 15:25:01,39,comp2,unscheduled
2015-12-19 16:39:20,14,comp3,unscheduled
2015-12-19 19:00:30,54,comp2,unscheduled
2015-12-19 19:52:28,51,comp4,unscheduled
2015-12-20 04:06:25,80,comp1,unscheduled
2015-12-20 06:20:44,75,comp4,unscheduled
2015-12-20 07:01:34,89,comp1,unscheduled
2015-12-20 13:55:53,65,comp3,unscheduled
2015-12-20 15:33:54,73,comp3,unscheduled
2015-12-21 13:07:23,61,comp4,unscheduled
2015-12-21 17:47:10,64,comp4,unscheduled
2015-12-21 18:18:56,77,comp2,unscheduled
2015-12-21 23:33:13,77,comp1,unscheduled
2015-12-22 10:48:12,79,comp1,unscheduled
2015-12-22 16:16:54,95,comp4,unscheduled
2015-12-22 18:25:02,58,comp2,unscheduled
2015-12-23 07:26:25,27,comp1,unscheduled
2015-12-24 01:18:32,9,comp3,unscheduled
2015-12-24 02:44:56,36,comp2,unscheduled
2015-12-24 03:27:28,41,comp2,unscheduled
2015-12-24 14:12:23,22,comp3,unscheduled
2015-12-24 15:40:52,67,comp2,unscheduled
2015-12-24 18:08:12,56,comp2,unscheduled
2015-12-24 21:21:08,97,comp4,unscheduled
2015-12-25 00:26:02,61,comp1,unscheduled
2015-12-25 10:50:38,91,comp2,unscheduled
2015-12-25 13:27:32,4,comp3,unscheduled
2015-12-25 19:28:30,52,comp4,unscheduled
2015-12-26 00:50:46,19,comp1,unscheduled
2015-12-26 10:59:08,22,comp1,unscheduled
2015-12-26 12:44:39,18,comp1,unscheduled
2015-12-26 18:21:57,5,comp1,unscheduled
2015-12-26 19:46:27,8,comp3,unscheduled
2015-12-27 06:32:12,60,comp3,unscheduled
2015-12-27 17:51:21,39,comp1,unscheduled
2015-12-27 19:04:42,11,comp3,unscheduled
2015-12-28 03:07:09,18,comp3,unscheduled
2015-12-28 11:49:58,19,comp1,unscheduled
2015-12-28 20:35:44,12,comp4,unscheduled
2015-12-29 04:57:23,61,comp3,unscheduled
2015-12-29 06:48:47,63,comp3,unscheduled
2015-12-29 10:36:28,12,comp2,unscheduled
2015-12-29 14:25:14,53,comp3,unscheduled
2015-12-29 19:49:34,61,comp4,unscheduled
2015-12-29 23:18:26,42,comp2,unscheduled
2015-12-30 00:05:37,10,comp2,unscheduled
2015-12-30 09:40:32,11,comp4,unscheduled
2015-12-31 15:27:42,12,comp1,unscheduled
2015-12-31 18:19:28,20,comp3,unscheduled
