datetime,machineID,errorID
2015-01-01 18:25:52,7,error3
2015-01-02 22:29:19,72,error5
2015-01-02 23:36:57,51,error2
2015-01-04 13:25:00,30,error1
2015-01-04 19:41:41,7,error2
2015-01-04 22:05:14,24,error1
2015-01-05 03:38:09,51,error3
2015-01-05 05:48:23,88,error2
2015-01-05 14:00:49,26,error4
2015-01-05 20:58:29,69,error1
2015-01-06 04:21:13,53,error2
2015-01-06 05:53:01,81,error4
2015-01-06 14:50:36,26,error1
2015-01-06 15:38:08,91,error4
2015-01-07 02:51:35,2,error3
2015-01-07 06:52:54,81,error5
2015-01-07 17:34:11,77,error3
2015-01-08 03:16:05,13,error4
2015-01-08 13:06:07,81,error2
2015-01-08 14:42:42,11,error2
2015-01-08 16:32:40,22,error2
2015-01-09 04:05:05,5,error3
2015-01-09 08:39:30,56,error2
2015-01-09 15:17:11,3,error2
2015-01-10 06:41:21,53,error2
2015-01-10 10:22:52,99,error5
2015-01-11 02:26:52,89,error5
2015-01-11 05:17:30,77,error3
2015-01-11 06:56:35,72,error5
2015-01-11 08:32:28,25,error3
2015-01-11 13:18:56,77,error1
2015-01-12 11:46:18,9,error4
2015-01-13 11:45:18,86,error4
2015-01-13 14:26:03,26,error5
2015-01-14 03:58:50,20,error5
2015-01-14 11:10:24,83,error2
2015-01-15 21:32:17,52,error4
2015-01-16 00:06:41,25,error4
2015-01-16 10:20:06,20,error3
2015-01-16 22:34:19,9,error3
2015-01-16 23:52:43,64,error1
2015-01-17 07:58:27,64,error4
2015-01-17 13:47:39,84,error2
2015-01-17 18:29:08,90,error5
2015-01-18 03:54:13,68,error1
2015-01-19 17:14:49,27,error1
2015-01-21 06:50:27,52,error2
2015-01-21 15:42:51,58,error1
2015-01-23 14:22:11,94,error3
2015-01-24 00:29:01,32,error5
2015-01-25 03:04:09,86,error5
2015-01-25 03:11:45,23,error3
2015-01-25 07:44:01,18,error1
2015-01-25 11:34:13,24,error5
2015-01-25 22:05:06,39,error1
2015-01-26 19:09:31,4,error1
2015-01-27 03:09:26,72,error5
2015-01-27 19:39:42,46,error3
2015-01-28 04:56:35,77,error2
2015-01-28 17:01:18,40,error3
2015-01-28 19:30:24,33,error1
2015-01-29 04:13:15,36,error4
2015-01-29 11:59:55,71,error3
2015-01-29 15:37:10,23,error4
2015-01-29 16:22:41,32,error1
2015-01-29 21:08:00,86,error1
2015-01-30 13:24:31,96,error1
2015-01-31 00:52:23,79,error3
2015-01-31 02:58:01,59,error4
2015-01-31 09:08:40,53,error4
2015-01-31 10:41:40,54,error2
2015-01-31 14:31:22,5,error5
2015-01-31 19:28:26,22,error5
2015-02-03 17:51:14,100,error4
2015-02-04 14:39:05,25,error5
2015-02-04 21:28:21,75,error3
2015-02-05 04:00:28,68,error4
2015-02-05 08:49:28,46,error3
2015-02-05 12:04:45,33,error2
2015-02-06 05:58:31,3,error2
2015-02-06 13:40:38,34,error1
2015-02-07 02:59:32,49,error3
2015-02-07 05:58:22,58,error5
2015-02-07 13:59:02,30,error5
2015-02-07 22:08:53,23,error3
2015-02-08 03:01:01,67,error3
2015-02-08 06:58:44,88,error2
2015-02-08 07:47:37,28,error1
2015-02-08 12:12:43,55,error2
2015-02-08 18:36:55,86,error4
2015-02-08 21:50:36,67,error2
2015-02-10 13:50:14,12,error3
2015-02-10 17:20:06,40,error1
2015-02-10 19:08:44,96,error2
2015-02-10 21:27:33,70,error3
2015-02-11 00:39:11,75,error5
2015-02-11 02:31:25,15,error2
2015-02-11 15:47:59,5,error1
2015-02-12 20:51:16,60,error3
2015-02-13 02:48:20,14,error3
2015-02-13 06:18:35,59,error1
2015-02-14 21:27:12,10,error3
2015-02-14 21:36:46,40,error5
2015-02-15 09:52:32,20,error5
2015-02-16 02:48:13,26,error1
2015-02-16 05:04:08,45,error5
2015-02-16 16:05:31,61,error1
2015-02-17 17:01:22,86,error2
2015-02-17 19:14:50,59,error4
2015-02-18 17:18:49,49,error3
2015-02-18 20:13:32,59,error1
2015-02-18 23:06:23,22,error4
2015-02-19 03:21:04,57,error1
2015-02-19 07:57:18,22,error4
2015-02-19 22:30:08,24,error4
2015-02-19 23:06:26,19,error3
2015-02-21 00:37:33,22,error2
2015-02-21 14:48:16,72,error1
2015-02-21 19:37:40,60,error2
2015-02-22 00:13:04,60,error2
2015-02-22 09:23:37,20,error2
2015-02-23 08:33:59,22,error4
2015-02-23 09:57:32,51,error2
2015-02-23 17:02:39,9,error2
2015-02-23 22:39:16,58,error5
2015-02-24 01:23:25,2,error5
2015-02-24 04:06:57,22,error3
2015-02-24 13:41:51,99,error2
2015-02-25 07:19:04,67,error1
2015-02-25 16:58:35,72,error4
2015-02-25 19:52:41,22,error1
2015-02-25 21:48:24,99,error1
2015-02-26 12:11:06,58,error3
2015-02-26 13:27:51,5,error3
2015-02-26 20:28:52,88,error4
2015-02-27 02:47:04,86,error1
2015-02-27 13:41:05,72,error1
2015-02-28 17:34:34,64,error5
2015-03-01 01:27:59,5,error3
2015-03-01 03:59:28,99,error4
2015-03-02 05:10:48,38,error3
2015-03-02 22:27:57,4,error1
2015-03-03 17:30:50,26,error3
2015-03-03 19:39:11,20,error5
2015-03-04 05:27:36,49,error5
2015-03-04 18:29:16,60,error2
2015-03-05 09:38:44,61,error5
2015-03-05 13:43:59,96,error2
2015-03-05 16:45:17,31,error3
2015-03-06 03:05:58,19,error1
2015-03-06 04:01:27,68,error4
2015-03-06 12:53:18,69,error3
2015-03-07 16:28:33,22,error3
2015-03-09 16:05:37,26,error2
2015-03-09 16:33:59,5,error4
2015-03-09 16:42:08,32,error5
2015-03-10 08:08:06,5,error4
2015-03-11 03:54:56,42,error2
2015-03-11 04:31:17,25,error4
2015-03-11 07:13:18,49,error4
2015-03-11 09:01:33,9,error2
2015-03-11 11:44:21,60,error3
2015-03-11 13:23:44,14,error3
2015-03-11 21:47:47,84,error4
2015-03-11 23:57:39,15,error4
2015-03-12 09:49:44,25,error5
2015-03-12 19:19:58,48,error5
2015-03-13 00:11:02,64,error5
2015-03-13 09:07:07,97,error4
2015-03-14 03:35:04,99,error5
2015-03-14 19:40:02,85,error1
2015-03-15 03:51:25,72,error5
2015-03-17 12:25:35,42,error2
2015-03-17 20:17:08,5,error2
2015-03-17 23:58:21,33,error2
2015-03-18 09:16:10,95,error2
2015-03-18 14:42:50,76,error4
2015-03-18 20:38:07,52,error4
2015-03-18 20:39:31,18,error1
2015-03-18 21:58:51,75,error2
2015-03-18 23:31:26,96,error2
2015-03-19 04:01:44,70,error4
2015-03-19 04:08:55,95,error2
2015-03-19 18:49:54,46,error3
2015-03-20 10:31:11,36,error1
2015-03-20 11:39:36,75,error4
2015-03-21 08:09:20,57,error4
2015-03-21 12:47:42,57,error4
2015-03-22 10:38:54,49,error1
2015-03-22 17:32:52,5,error4
2015-03-23 09:02:39,18,error5
2015-03-23 17:52:03,18,error3
2015-03-24 12:41:49,6,error5
2015-03-25 02:40:46,85,error4
2015-03-25 10:42:23,60,error5
2015-03-25 20:37:45,5,error4
2015-03-26 05:18:25,36,error1
2015-03-26 13:03:09,95,error5
2015-03-26 14:33:59,49,error3
2015-03-28 01:37:29,59,error3
2015-03-28 07:57:32,80,error3
2015-03-28 09:01:37,95,error3
2015-03-28 16:27:07,28,error5
2015-03-29 09:52:02,51,error2
2015-03-29 11:50:13,25,error5
2015-03-31 04:38:33,88,error2
2015-03-31 09:24:42,51,error4
2015-04-01 09:23:42,59,error2
2015-04-01 22:29:34,12,error4
2015-04-02 00:09:04,49,error4
2015-04-02 10:15:05,9,error5
2015-04-03 18:11:49,22,error3
2015-04-04 15:22:41,10,error4
2015-04-04 19:43:28,72,error5
2015-04-04 21:40:41,14,error5
2015-04-04 23:30:59,42,error4
2015-04-05 03:44:59,2,error4
2015-04-06 12:33:13,61,error4
2015-04-06 22:26:06,23,error4
2015-04-07 10:34:17,30,error5
2015-04-07 10:41:34,8,error3
2015-04-07 15:09:44,10,error4
2015-04-07 20:16:35,51,error3
2015-04-09 02:12:11,62,error5
2015-04-10 13:14:14,65,error5
2015-04-10 16:07:48,20,error2
2015-04-10 22:38:11,36,error1
2015-04-10 23:01:49,96,error4
2015-04-11 01:56:22,25,error1
2015-04-11 05:50:57,40,error1
2015-04-11 06:53:51,29,error2
2015-04-11 10:34:34,86,error5
2015-04-11 13:43:41,52,error3
2015-04-12 06:19:53,50,error1
2015-04-12 07:28:02,33,error3
2015-04-12 08:55:29,10,error2
2015-04-13 13:00:58,75,error4
2015-04-13 22:33:40,71,error1
2015-04-14 03:57:06,66,error1
2015-04-14 07:13:13,20,error5
2015-04-14 07:35:14,61,error2
2015-04-14 11:34:35,36,error5
2015-04-14 12:00:29,5,error4
2015-04-14 14:11:39,72,error5
2015-04-14 23:39:52,90,error3
2015-04-15 02:49:58,67,error1
2015-04-15 06:20:19,10,error4
2015-04-15 07:47:33,61,error3
2015-04-15 10:12:51,45,error2
2015-04-16 08:06:31,24,error3
2015-04-16 16:59:29,24,error4
2015-04-17 04:28:33,98,error4
2015-04-17 05:54:21,43,error1
2015-04-17 08:44:35,38,error4
2015-04-17 23:24:10,59,error3
2015-04-18 04:31:01,67,error2
2015-04-18 10:09:43,36,error4
2015-04-18 14:07:16,72,error1
2015-04-18 15:29:58,9,error5
2015-04-18 20:59:56,73,error1
2015-04-19 02:04:47,18,error1
2015-04-19 15:46:03,88,error3
2015-04-19 19:46:18,1,error1
2015-04-19 21:22:08,24,error4
2015-04-20 15:46:49,58,error2
2015-04-21 07:40:02,51,error2
2015-04-22 04:25:49,51,error1
2015-04-22 15:27:14,64,error2
2015-04-22 19:15:47,14,error2
2015-04-22 21:44:01,90,error3
2015-04-22 21:58:21,86,error1
2015-04-23 00:52:22,95,error3
2015-04-23 04:43:10,96,error3
2015-04-23 23:00:44,89,error5
2015-04-24 04:16:32,99,error1
2015-04-25 00:46:19,37,error4
2015-04-25 12:50:38,99,error1
2015-04-25 13:45:54,32,error2
2015-04-25 18:06:57,34,error2
2015-04-25 21:46:41,61,error5
2015-04-25 23:33:18,26,error3
2015-04-26 21:05:46,74,error2
2015-04-27 00:33:16,36,error3
2015-04-27 01:52:14,23,error3
2015-04-27 04:34:57,24,error1
2015-04-27 06:05:22,50,error2
2015-04-27 11:32:13,2,error4
2015-04-27 23:14:25,51,error5
2015-04-28 08:49:30,51,error5
2015-04-30 17:26:59,3,error4
2015-04-30 20:38:45,50,error4
2015-04-30 22:48:34,24,error5
2015-05-01 03:32:22,33,error5
2015-05-02 10:29:59,24,error3
2015-05-02 16:14:39,67,error3
2015-05-02 18:19:59,14,error1
2015-05-03 12:16:50,42,error2
2015-05-03 14:31:34,24,error4
2015-05-04 21:34:38,36,error4
2015-05-05 00:40:13,8,error2
2015-05-05 01:30:25,51,error5
2015-05-05 05:44:16,9,error4
2015-05-05 11:30:12,36,error3
2015-05-05 14:49:12,56,error4
2015-05-06 10:50:07,95,error4
2015-05-06 22:53:54,73,error5
2015-05-07 07:09:16,36,error2
2015-05-07 12:06:55,83,error5
2015-05-08 05:04:11,39,error2
2015-05-08 08:24:34,99,error4
2015-05-08 19:35:23,51,error1
2015-05-10 13:48:56,58,error5
2015-05-11 09:21:46,61,error5
2015-05-11 09:42:13,12,error4
2015-05-11 22:19:12,10,error5
2015-05-12 21:59:25,2,error5
2015-05-15 15:16:56,69,error3
2015-05-16 00:22:40,68,error3
2015-05-16 20:00:14,51,error1
2015-05-16 22:42:37,68,error1
2015-05-17 17:51:19,28,error1
2015-05-17 21:58:53,5,error2
2015-05-18 16:12:25,25,error5
2015-05-18 16:13:10,59,error1
2015-05-18 17:51:58,58,error3
2015-05-19 04:37:29,22,error5
2015-05-19 07:24:52,96,error1
2015-05-19 10:25:50,42,error5
2015-05-20 01:47:00,84,error4
2015-05-20 06:47:54,67,error3
2015-05-20 08:36:21,17,error2
2015-05-20 10:06:27,5,error5
2015-05-20 18:50:28,28,error3
2015-05-21 10:35:41,15,error5
2015-05-21 12:19:38,26,error2
2015-05-22 02:00:21,10,error2
2015-05-22 13:14:54,51,error4
2015-05-23 17:25:41,23,error1
2015-05-24 22:46:28,70,error5
2015-05-25 00:17:32,19,error3
2015-05-25 08:01:10,64,error2
2015-05-25 10:54:29,86,error2
2015-05-25 15:08:39,39,error5
2015-05-26 08:48:18,9,error1
2015-05-27 03:54:26,52,error3
2015-05-27 15:14:49,72,error5
2015-05-27 22:38:58,77,error5
2015-05-28 09:58:43,9,error2
2015-05-28 10:41:16,22,error5
2015-05-28 23:20:57,60,error4
2015-05-28 23:28:47,67,error3
2015-05-29 11:43:28,81,error1
2015-05-29 17:57:39,91,error1
2015-05-30 03:46:10,57,error5
2015-05-30 16:04:25,24,error1
2015-05-31 07:05:30,41,error2
2015-05-31 10:47:00,74,error4
2015-05-31 10:57:16,99,error3
2015-05-31 11:09:30,20,error2
2015-06-01 02:21:05,50,error2
2015-06-01 09:20:29,10,error3
2015-06-01 14:42:41,25,error3
2015-06-01 19:39:29,59,error3
2015-06-02 06:54:59,26,error4
2015-06-02 20:21:36,91,error4
2015-06-03 12:18:36,34,error3
2015-06-03 13:09:12,72,error4
2015-06-03 21:09:02,59,error3
2015-06-04 22:09:23,95,error5
2015-06-05 13:39:25,2,error2
2015-06-05 21:46:35,47,error3
2015-06-06 02:20:50,36,error1
2015-06-06 13:49:47,26,error3
2015-06-06 17:50:49,82,error5
2015-06-07 08:16:36,38,error4
2015-06-07 14:16:41,12,error3
2015-06-07 21:19:44,100,error4
2015-06-08 01:31:48,45,error1
2015-06-08 14:27:42,84,error2
2015-06-11 04:51:04,71,error3
2015-06-12 05:50:15,10,error4
2015-06-12 11:37:25,21,error1
2015-06-12 14:05:47,94,error2
2015-06-13 10:57:27,72,error5
2015-06-13 21:26:25,72,error1
2015-06-14 05:47:01,63,error1
2015-06-14 10:32:03,35,error5
2015-06-14 18:21:33,60,error2
2015-06-16 01:08:53,90,error5
2015-06-16 03:15:00,59,error5
2015-06-16 09:29:53,52,error2
2015-06-17 22:46:16,36,error4
2015-06-18 13:47:54,24,error1
2015-06-18 20:11:32,91,error5
2015-06-19 09:58:24,59,error5
2015-06-19 20:46:57,20,error5
2015-06-20 00:59:45,25,error2
2015-06-20 05:18:45,95,error2
2015-06-21 13:54:42,99,error5
2015-06-22 08:10:17,24,error5
2015-06-22 20:39:57,26,error1
2015-06-22 22:18:06,52,error5
2015-06-24 02:53:34,47,error5
2015-06-24 13:48:57,19,error5
2015-06-24 14:39:06,5,error1
2015-06-24 15:46:38,51,error3
2015-06-25 12:08:31,14,error1
2015-06-25 13:26:41,72,error4
2015-06-26 03:03:52,32,error5
2015-06-26 06:53:40,89,error2
2015-06-27 08:59:46,45,error3
2015-06-27 09:34:25,68,error4
2015-06-27 19:39:29,91,error1
2015-06-28 21:15:29,38,error3
2015-06-29 04:08:45,100,error5
2015-06-29 05:23:06,30,error4
2015-06-30 02:31:00,9,error4
2015-06-30 11:46:07,19,error2
2015-07-01 17:34:27,91,error1
2015-07-01 23:06:23,75,error2
2015-07-03 00:18:38,36,error5
2015-07-03 02:13:19,99,error1
2015-07-03 06:00:47,68,error3
2015-07-03 22:40:47,7,error5
2015-07-04 17:15:13,78,error1
2015-07-04 21:03:51,25,error1
2015-07-05 05:39:26,40,error4
2015-07-05 07:11:33,9,error1
2015-07-06 02:40:10,20,error4
2015-07-06 21:05:56,5,error3
2015-07-07 02:12:44,50,error1
2015-07-07 08:21:31,37,error2
2015-07-07 23:58:11,52,error3
2015-07-08 09:48:50,20,error2
2015-07-08 16:37:57,86,error4
2015-07-08 21:44:01,23,error3
2015-07-09 10:01:47,91,error1
2015-07-09 19:08:34,89,error4
2015-07-10 20:06:20,26,error4
2015-07-10 22:29:20,86,error5
2015-07-11 06:35:21,23,error3
2015-07-11 08:33:42,37,error2
2015-07-12 20:46:58,25,error5
2015-07-12 22:54:28,91,error4
2015-07-13 02:17:43,59,error3
2015-07-13 12:09:02,25,error1
2015-07-13 13:59:18,22,error5
2015-07-13 21:18:12,72,error3
2015-07-14 08:35:58,96,error3
2015-07-14 13:09:42,72,error3
2015-07-15 06:46:40,99,error1
2015-07-17 00:38:02,24,error3
2015-07-17 11:17:25,84,error2
2015-07-17 12:31:20,59,error2
2015-07-17 17:49:33,26,error2
2015-07-17 20:04:30,60,error3
2015-07-18 04:17:37,1,error1
2015-07-18 18:52:33,76,error3
2015-07-18 23:37:29,17,error3
2015-07-19 00:05:41,39,error3
2015-07-19 03:58:47,24,error5
2015-07-19 06:29:27,5,error5
2015-07-19 17:58:22,3,error5
2015-07-19 22:33:32,65,error4
2015-07-20 10:36:39,22,error1
2015-07-20 16:14:28,98,error3
2015-07-21 21:01:38,87,error4
2015-07-22 10:34:48,14,error2
2015-07-22 16:05:43,5,error2
2015-07-23 05:56:00,14,error2
2015-07-23 07:10:44,77,error5
2015-07-25 02:26:31,72,error3
2015-07-25 15:16:19,8,error4
2015-07-25 18:21:47,44,error1
2015-07-25 21:35:39,11,error4
2015-07-26 04:42:10,93,error1
2015-07-27 00:18:00,63,error5
2015-07-27 12:46:57,56,error5
2015-07-27 17:42:54,15,error1
2015-07-28 07:06:31,46,error2
2015-07-28 12:25:05,86,error4
2015-07-29 04:09:34,61,error1
2015-07-29 07:34:28,53,error2
2015-07-30 11:15:13,20,error4
2015-07-30 17:34:31,18,error2
2015-07-31 17:32:31,52,error1
2015-08-01 02:22:52,52,error1
2015-08-01 09:56:46,52,error3
2015-08-01 17:42:17,82,error5
2015-08-01 18:02:37,32,error1
2015-08-02 04:54:56,20,error4
2015-08-02 05:38:23,59,error2
2015-08-02 10:54:39,37,error5
2015-08-02 17:39:07,57,error2
2015-08-02 18:51:13,30,error2
2015-08-04 04:09:52,37,error4
2015-08-04 06:10:57,24,error5
2015-08-04 10:16:21,85,error2
2015-08-04 10:47:14,52,error1
2015-08-05 01:08:06,46,error5
2015-08-05 04:58:43,14,error4
2015-08-05 20:18:45,26,error5
2015-08-06 15:48:54,24,error1
2015-08-07 02:10:54,38,error5
2015-08-07 17:47:40,9,error1
2015-08-08 03:48:49,26,error1
2015-08-08 06:53:00,90,error1
2015-08-08 07:14:57,54,error4
2015-08-08 08:17:01,15,error1
2015-08-09 01:16:47,26,error4
2015-08-09 02:33:07,41,error4
2015-08-09 20:52:55,72,error1
2015-08-10 04:24:35,98,error5
2015-08-10 07:13:37,60,error2
2015-08-10 14:53:03,46,error2
2015-08-10 23:44:27,84,error5
2015-08-11 07:05:08,90,error1
2015-08-11 15:56:02,14,error1
2015-08-11 17:58:42,25,error1
2015-08-11 22:57:20,26,error2
2015-08-12 07:12:17,86,error4
2015-08-12 08:58:12,64,error1
2015-08-13 07:11:10,39,error1
2015-08-13 14:05:21,10,error5
2015-08-14 04:58:21,5,error5
2015-08-14 05:56:13,9,error3
2015-08-14 09:50:06,37,error4
2015-08-15 11:26:59,49,error5
2015-08-17 04:05:35,60,error3
2015-08-17 14:39:58,77,error4
2015-08-18 02:45:23,9,error2
2015-08-19 09:04:12,32,error1
2015-08-19 11:18:57,97,error3
2015-08-19 14:09:12,32,error5
2015-08-20 00:12:57,31,error2
2015-08-20 10:28:00,82,error5
2015-08-20 22:08:19,45,error1
2015-08-21 13:15:38,3,error3
2015-08-21 13:59:27,1,error5
2015-08-22 00:02:44,73,error3
2015-08-22 01:33:35,20,error1
2015-08-22 14:36:33,72,error1
2015-08-22 22:42:19,51,error2
2015-08-23 21:00:07,86,error4
2015-08-24 00:19:21,47,error4
2015-08-24 18:40:40,53,error2
2015-08-24 20:39:46,67,error3
2015-08-25 06:08:31,68,error1
2015-08-25 09:09:24,99,error1
2015-08-25 11:16:26,46,error1
2015-08-26 08:18:06,44,error1
2015-08-28 00:05:32,86,error2
2015-08-28 19:34:26,22,error2
2015-08-29 07:27:33,78,error1
2015-08-30 00:00:29,22,error4
2015-08-30 06:27:06,84,error4
2015-08-30 11:07:02,22,error5
2015-08-31 04:00:19,5,error4
2015-08-31 14:08:39,51,error5
2015-08-31 16:47:03,10,error5
2015-09-01 06:08:09,5,error4
2015-09-01 11:57:07,29,error1
2015-09-02 06:13:51,72,error4
2015-09-02 09:51:28,9,error1
2015-09-03 01:17:33,4,error2
2015-09-03 13:22:10,26,error4
2015-09-04 01:34:51,20,error3
2015-09-04 08:33:53,10,error3
2015-09-04 10:27:27,59,error2
2015-09-04 17:06:40,40,error3
2015-09-04 21:41:35,12,error5
2015-09-05 00:18:31,98,error2
2015-09-05 03:42:16,81,error3
2015-09-05 21:43:32,6,error3
2015-09-05 23:02:27,14,error3
2015-09-06 00:38:40,57,error1
2015-09-06 22:20:37,95,error1
2015-09-07 05:19:35,25,error2
2015-09-07 17:21:03,51,error4
2015-09-09 05:22:15,67,error4
2015-09-09 05:36:08,90,error4
2015-09-09 20:12:27,83,error3
2015-09-09 22:37:12,61,error5
2015-09-10 13:01:15,97,error4
2015-09-10 15:18:33,19,error3
2015-09-10 22:49:11,96,error5
2015-09-10 23:43:01,9,error3
2015-09-12 03:26:46,40,error1
2015-09-12 08:31:47,36,error2
2015-09-12 16:36:50,2,error3
2015-09-13 00:09:00,75,error1
2015-09-13 01:53:45,15,error2
2015-09-13 05:26:04,68,error2
2015-09-14 14:35:44,95,error4
2015-09-15 06:34:35,72,error2
2015-09-15 07:30:49,59,error5
2015-09-15 12:08:37,73,error3
2015-09-16 23:54:57,7,error2
2015-09-17 04:17:51,67,error5
2015-09-17 10:30:02,91,error5
2015-09-17 14:56:16,8,error5
2015-09-17 17:59:50,11,error3
2015-09-17 19:10:39,22,error2
2015-09-17 19:58:34,90,error3
2015-09-18 07:37:09,26,error5
2015-09-18 08:14:18,58,error2
2015-09-18 23:12:10,77,error3
2015-09-19 00:22:38,37,error3
2015-09-19 01:54:52,51,error1
2015-09-19 01:58:37,46,error1
2015-09-19 15:34:20,3,error5
2015-09-19 23:27:38,89,error1
2015-09-20 02:25:24,64,error2
2015-09-20 04:57:55,57,error3
2015-09-20 13:49:19,46,error2
2015-09-20 15:10:08,32,error5
2015-09-20 17:36:18,22,error5
2015-09-21 01:12:10,59,error1
2015-09-21 10:25:32,34,error5
2015-09-21 16:12:33,59,error3
2015-09-21 18:15:34,78,error2
2015-09-22 06:31:54,10,error3
2015-09-22 08:18:15,96,error1
2015-09-22 09:38:24,89,error3
2015-09-22 10:56:43,16,error2
2015-09-22 14:52:24,86,error3
2015-09-23 09:40:52,63,error2
2015-09-23 10:32:58,68,error5
2015-09-24 01:05:15,14,error4
2015-09-24 01:33:27,84,error2
2015-09-24 03:54:11,39,error3
2015-09-24 07:56:37,91,error1
2015-09-24 08:55:25,60,error2
2015-09-24 12:43:48,54,error3
2015-09-25 17:25:57,49,error2
2015-09-26 01:18:30,58,error5
2015-09-27 03:52:32,73,error5
2015-09-27 12:41:24,83,error1
2015-09-27 16:24:47,64,error2
2015-09-27 21:33:42,72,error4
2015-09-29 21:09:58,93,error4
2015-09-30 00:23:24,59,error5
2015-09-30 15:01:27,10,error1
2015-09-30 19:55:22,95,error3
2015-09-30 22:47:36,51,error4
2015-10-01 10:10:44,47,error3
2015-10-01 11:22:02,67,error1
2015-10-01 19:57:40,74,error2
2015-10-01 22:31:03,46,error1
2015-10-02 11:13:08,67,error5
2015-10-02 23:11:50,25,error2
2015-10-03 00:17:16,84,error1
2015-10-03 18:21:16,64,error2
2015-10-04 03:25:46,5,error5
2015-10-04 16:57:58,1,error5
2015-10-05 14:18:27,82,error3
2015-10-05 16:06:27,59,error2
2015-10-06 12:25:18,32,error5
2015-10-06 17:48:46,18,error1
2015-10-08 05:43:13,9,error4
2015-10-08 11:13:29,17,error4
2015-10-09 10:30:23,26,error5
2015-10-09 11:20:14,20,error5
2015-10-09 16:00:00,58,error5
2015-10-09 16:35:10,40,error4
2015-10-10 09:16:22,15,error1
2015-10-11 00:10:11,59,error3
2015-10-11 02:56:01,56,error1
2015-10-11 20:31:18,40,error3
2015-10-12 04:23:24,59,error1
2015-10-12 09:53:09,57,error3
2015-10-12 20:35:36,83,error5
2015-10-13 10:26:53,56,error2
2015-10-14 13:49:43,86,error2
2015-10-14 15:53:17,63,error4
2015-10-14 21:04:27,51,error2
2015-10-14 22:24:00,38,error3
2015-10-14 23:31:13,34,error3
2015-10-15 03:35:16,51,error1
2015-10-15 19:51:34,49,error5
2015-10-16 00:56:35,57,error1
2015-10-16 04:19:30,84,error1
2015-10-16 05:18:40,24,error2
2015-10-16 06:56:46,85,error1
2015-10-16 15:32:43,38,error1
2015-10-16 23:17:16,39,error2
2015-10-18 07:38:31,67,error1
2015-10-18 08:19:24,18,error2
2015-10-18 12:02:22,5,error5
2015-10-18 14:33:47,67,error1
2015-10-19 00:16:35,73,error1
2015-10-19 07:26:17,26,error2
2015-10-19 23:14:16,9,error3
2015-10-20 18:27:54,4,error3
2015-10-20 18:58:27,22,error1
2015-10-21 07:21:04,95,error1
2015-10-21 15:14:24,64,error4
2015-10-21 17:21:55,63,error2
2015-10-21 20:30:30,2,error4
2015-10-22 00:51:58,22,error2
2015-10-22 15:48:59,91,error1
2015-10-23 15:06:58,60,error4
2015-10-23 23:24:38,59,error2
2015-10-24 16:27:41,91,error1
2015-10-24 17:32:18,67,error3
2015-10-24 18:24:28,39,error3
2015-10-25 05:19:23,33,error5
2015-10-27 00:22:06,14,error3
2015-10-27 10:23:11,94,error4
2015-10-28 01:13:49,4,error2
2015-10-28 06:47:18,39,error5
2015-10-28 17:54:30,25,error2
2015-10-29 04:03:54,9,error5
2015-10-30 19:13:26,24,error4
2015-10-31 02:31:25,26,error3
2015-10-31 03:11:58,26,error5
2015-11-01 07:17:01,51,error1
2015-11-01 14:29:48,23,error1
2015-11-01 21:30:36,35,error2
2015-11-01 23:46:48,39,error4
2015-11-02 01:34:22,68,error1
2015-11-02 11:58:10,99,error2
2015-11-02 19:33:26,42,error1
2015-11-03 02:18:18,36,error1
2015-11-03 18:27:55,86,error1
2015-11-03 21:05:47,77,error3
2015-11-03 22:21:07,69,error3
2015-11-04 08:19:44,14,error2
2015-11-04 10:34:23,9,error5
2015-11-04 11:14:35,86,error3
2015-11-04 13:18:15,8,error1
2015-11-04 15:55:27,32,error4
2015-11-05 16:15:51,17,error5
2015-11-05 20:11:48,86,error2
2015-11-05 20:42:05,91,error2
2015-11-06 08:40:41,36,error3
2015-11-06 08:41:55,61,error2
2015-11-07 01:42:55,22,error2
2015-11-07 05:53:33,67,error3
2015-11-07 09:40:15,82,error3
2015-11-08 09:34:21,48,error3
2015-11-08 22:17:20,67,error4
2015-11-09 01:47:23,91,error1
2015-11-09 04:48:55,61,error5
2015-11-09 10:00:42,20,error5
2015-11-10 03:02:52,39,error4
2015-11-10 15:05:35,51,error2
2015-11-10 18:59:28,43,error3
2015-11-10 20:32:03,95,error1
2015-11-11 05:33:14,22,error2
2015-11-11 14:22:13,72,error4
2015-11-11 23:49:38,5,error2
2015-11-12 03:39:15,60,error2
2015-11-12 05:10:57,9,error2
2015-11-12 14:58:45,23,error2
2015-11-13 09:43:39,61,error1
2015-11-13 10:21:55,53,error2
2015-11-16 08:04:00,28,error1
2015-11-16 15:07:28,2,error4
2015-11-16 20:52:11,50,error1
2015-11-17 05:01:58,85,error5
2015-11-17 12:02:21,40,error4
2015-11-17 15:51:37,34,error5
2015-11-17 16:07:03,10,error2
2015-11-17 17:33:54,100,error1
2015-11-17 19:30:44,81,error2
2015-11-17 23:18:24,5,error1
2015-11-18 05:28:29,73,error1
2015-11-18 23:11:24,24,error5
2015-11-20 09:36:53,70,error3
2015-11-21 02:48:26,68,error1
2015-11-21 04:29:17,96,error1
2015-11-21 11:11:58,10,error2
2015-11-21 15:50:05,59,error1
2015-11-21 16:21:25,96,error4
2015-11-21 19:44:41,97,error4
2015-11-23 10:41:54,81,error3
2015-11-23 12:44:57,67,error2
2015-11-24 01:41:25,81,error2
2015-11-24 06:05:40,22,error4
2015-11-24 06:12:27,96,error4
2015-11-24 21:42:15,10,error2
2015-11-25 16:41:02,86,error4
2015-11-26 12:50:25,14,error5
2015-11-26 21:43:26,2,error5
2015-11-27 00:26:07,72,error3
2015-11-27 00:40:05,5,error1
2015-11-27 02:01:28,46,error2
2015-11-27 09:10:47,23,error2
2015-11-28 12:09:14,25,error5
2015-11-28 12:23:26,3,error5
2015-11-28 19:27:07,68,error1
2015-11-28 23:52:48,14,error2
2015-11-29 00:09:43,23,error4
2015-11-29 11:17:38,86,error4
2015-11-29 12:34:42,27,error2
2015-11-29 17:30:06,51,error3
2015-11-29 18:05:25,92,error3
2015-11-29 18:53:17,14,error5
2015-11-30 11:24:38,42,error1
2015-11-30 16:57:07,20,error4
2015-12-01 01:36:42,51,error3
2015-12-02 05:46:19,36,error2
2015-12-02 14:11:51,72,error1
2015-12-02 23:00:39,59,error1
2015-12-04 09:04:01,2,error5
2015-12-04 12:10:30,19,error3
2015-12-04 15:22:27,16,error1
2015-12-05 05:25:49,77,error2
2015-12-05 11:02:05,61,error4
2015-12-06 07:01:52,26,error1
2015-12-06 10:30:20,9,error5
2015-12-08 13:16:19,97,error1
2015-12-08 23:34:35,5,error2
2015-12-09 23:47:39,68,error5
2015-12-10 19:14:38,88,error3
2015-12-10 19:59:39,65,error3
2015-12-11 04:50:19,91,error5
2015-12-12 06:24:15,22,error5
2015-12-12 11:54:42,9,error3
2015-12-12 15:25:27,83,error4
2015-12-12 18:51:45,69,error4
2015-12-13 14:44:09,52,error1
2015-12-13 15:52:47,18,error2
2015-12-13 17:36:42,89,error1
2015-12-14 14:18:10,40,error3
2015-12-14 15:52:50,31,error2
2015-12-15 03:39:16,72,error5
2015-12-15 20:58:45,39,error5
2015-12-15 21:19:48,18,error1
2015-12-15 22:29:57,12,error4
2015-12-16 05:52:54,67,error3
2015-12-16 11:50:44,59,error5
2015-12-16 14:18:03,82,error4
2015-12-16 15:19:29,49,error5
2015-12-18 00:26:59,41,error3
2015-12-18 02:38:29,24,error1
2015-12-18 14:05:47,67,error2
2015-12-18 14:38:15,91,error2
2015-12-19 00:40:09,63,error3
2015-12-19 01:10:41,1,error3
2015-12-19 06:21:16,3,error3
2015-12-19 09:04:58,72,error1
2015-12-19 20:42:03,9,error1
2015-12-20 09:03:53,10,error1
2015-12-20 12:03:50,51,error1
2015-12-20 19:10:58,37,error4
2015-12-21 01:06:03,3,error5
2015-12-21 15:47:15,99,error2
2015-12-21 19:53:25,90,error2
2015-12-22 07:21:24,71,error1
2015-12-23 05:28:24,49,error3
2015-12-23 21:40:31,8,error3
2015-12-23 22:39:39,46,error3
2015-12-24 08:40:59,20,error1
2015-12-25 03:21:17,9,error5
2015-12-25 16:15:59,91,error4
2015-12-26 02:20:29,89,error3
2015-12-26 13:21:11,74,error2
2015-12-26 19:39:43,53,error1
2015-12-27 19:13:12,26,error3
2015-12-28 04:59:45,52,error5
2015-12-30 10:10:17,24,error2
2015-12-30 16:05:46,59,error1
2015-12-31 00:56:16,15,error3
2015-12-31 06:24:52,52,error4
2015-12-31 11:56:00,22,error4
2015-12-31 20:13:30,40,error1
